Id,SalePrice,real prices
8505,1641248.3333333335,2165000.0
5523,883190.0,815000.0
12852,611267.5,610000.0
4818,1226930.0,1245000.0
12812,936894.5833333335,1160000.0
2153,1405440.0,1250000.0
9903,710905.0,715000.0
5105,911725.0,812000.0
6107,767445.0,750500.0
8876,646017.5,610000.0
10162,1547421.106666667,1210000.0
11268,645446.5,451500.0
13348,2455070.0,2800000.0
7161,1435760.0,1641000.0
7626,572282.5,1185000.0
4339,532799.3214285714,540000.0
7411,1275480.0,2000000.0
7681,1469063.75,1861000.0
9084,543041.0,600000.0
4344,1262010.0,841000.0
6439,911367.67,1000000.0
11455,1056449.44,950000.0
9453,1561172.5,1925000.0
7655,773126.5,794000.0
2980,819894.165,700000.0
12012,683030.0,655000.0
6031,718970.0,650000.0
950,814370.0,670000.0
12984,1443430.0,1390000.0
1282,863095.0,1100000.0
13104,787447.5,800000.0
9529,1126112.5,970000.0
6279,1065267.5,1085000.0
8439,1044037.5,1250000.0
1121,2365991.86,2800000.0
526,1078377.5,700000.0
5843,638025.0,575000.0
6546,1414457.5,1482500.0
11367,840030.0,1020000.0
7381,995472.5,985000.0
2164,646466.0,522500.0
3148,2364202.5,2325000.0
12656,1009465.04,1830000.0
2876,678497.0,670000.0
2607,1358992.5,1300000.0
1204,1935730.0,1915000.0
12030,661292.5,840000.0
491,428153.3333333334,280000.0
7996,933916.5,998000.0
10156,1223380.0,1700000.0
10725,1482347.5,1205000.0
7088,568072.5,480000.0
521,3111140.0,2800000.0
4544,954511.665,876000.0
7259,732618.75,705000.0
6970,1409235.0,1585000.0
3848,333185.0,350000.0
6798,1280057.5,910000.0
5078,614437.5,530000.0
7465,800342.5,1020000.0
6765,609152.5,675000.0
7532,1343129.44,1292000.0
2865,617597.55,460000.0
2252,1576702.5,1605000.0
457,779515.0,725000.0
1868,1054480.0,992000.0
12240,1716170.0,2515000.0
6823,1274605.0,1590000.0
4230,911235.0,776000.0
48,474025.0,450000.0
1471,1063004.0,990000.0
7980,627133.0,601000.0
6224,1276520.0,975000.0
9251,959771.5,1011000.0
5921,1341627.51,600000.0
8148,1045610.015,935000.0
12578,1324807.5,1630000.0
5847,3441115.0,4400000.0
12228,1135046.175,1216000.0
8290,932255.0,1010000.0
8675,572989.0,380000.0
8252,1016201.0,860000.0
3025,1494142.5,1560000.0
8925,668866.6666666667,1240000.0
5607,348879.0,370000.0
3641,2514412.5,2075000.0
12051,498710.0,445000.0
4773,1048684.5833333333,1250000.0
8567,1338752.5,1480000.0
2604,1811947.5,2300000.0
10708,1642987.5,1475000.0
1846,1280652.5,1262000.0
1581,1395897.5,1430000.0
577,2766443.333333333,2450000.0
33,439973.16666666674,470000.0
8135,1157617.5,1410000.0
5090,491682.5,432000.0
10371,2501357.5,2258000.0
11249,621250.0,700000.0
2697,839865.0,615000.0
12169,356325.0,360000.0
6618,745370.0,710000.0
4523,729713.75,770000.0
7487,1682962.5,1900000.0
4543,1028641.25,981000.0
5158,551488.75,470000.0
5655,2145395.0,2285000.0
11997,427217.5,503000.0
719,1380777.5,1328000.0
4414,849190.0,790000.0
146,1228637.5,1780000.0
3954,433775.0,400000.0
1096,1417927.5,1550000.0
6203,1105185.0,990000.0
12663,824119.5,911000.0
11227,1451764.0,2330000.0
2241,1947700.0,1750000.0
5563,598058.75,1360000.0
5315,1208560.0,1346000.0
9674,543516.25,790000.0
12765,1251122.5,1325000.0
11343,931645.0,1054000.0
3267,588656.25,570000.0
6297,535864.6666666667,571750.0
4308,790512.5,600000.0
6748,1388755.0,1300000.0
5816,407012.5,335000.0
4012,435093.3333333334,400000.0
12646,2002713.333333333,3778000.0
4841,1331707.55,1500000.0
12504,900962.54,780000.0
1392,472732.5,320000.0
9754,1252360.44,1208000.0
2513,1250615.0,1055000.0
598,1707915.0,1450000.0
3350,459930.0,480000.0
9418,2322915.0,2444000.0
2327,755147.5,570000.0
7574,1037552.5,1470000.0
4066,1473965.0,1530000.0
13221,688760.0,770000.0
5333,1209175.0,1420000.0
2177,1776855.0,1391000.0
11462,1755540.0,1800000.0
11747,641550.0,611000.0
6812,624968.75,1005000.0
11229,1307387.5,1410000.0
2862,1536985.0,2000000.0
952,1180153.0,1120000.0
2641,426625.5,845000.0
1726,568807.2666666667,625000.0
12136,532338.75,672000.0
12661,2087720.0,1960000.0
10226,695105.0,447000.0
8818,613935.0,625000.0
10141,1499609.0,1258000.0
7056,509631.25,690000.0
9528,604195.0,580000.0
13257,624402.5,763000.0
312,1344417.5,1000000.0
10579,980605.0,900000.0
2193,1378157.5,1810000.0
12118,533885.0,541000.0
13311,659092.5,600000.0
1231,1971930.0,1450000.0
1856,305554.1666666667,290000.0
8410,914190.0,950000.0
4894,992312.5,840000.0
321,1519310.0,1640000.0
44,492055.0,500000.0
7927,1249592.5,837000.0
5423,1418455.0,1495000.0
4832,1241140.0,1055000.0
8949,681128.0,565000.0
7092,798897.365,610000.0
3600,2291515.0,1950000.0
5155,853777.5,668000.0
874,1274797.5,1300000.0
6882,889162.5,810000.0
5786,929467.5,875000.0
8100,1390829.6428571427,1515000.0
9034,1264475.0,1315000.0
10207,1274496.0,1090000.0
6807,628582.5,771000.0
5928,574247.5,710000.0
2560,781770.2083333333,930000.0
4677,779825.0,670000.0
3020,1227780.0,1003500.0
10149,2114105.0,2300000.0
9408,1961907.5,1680000.0
2267,739745.7416666667,1050000.0
10553,634153.0,597000.0
12113,1080885.92,1260000.0
13307,2000544.855,1910000.0
11247,481390.0,455000.0
608,1565290.0,1572000.0
13441,886447.5,842000.0
8173,1009400.0,1050000.0
3380,466405.0,475000.0
313,1330656.0,1435000.0
9382,1332560.0,1494000.0
6085,660420.0,590000.0
8261,756652.5,715000.0
1270,1229230.0,1055000.0
13000,1248382.5,2585000.0
12698,901700.0,841000.0
13077,941067.5,1100500.0
3675,2821305.0,3280000.0
3639,2499360.0,2265000.0
2119,964325.0,860000.0
8585,397826.66666666674,490000.0
12606,1385863.333333333,1210000.0
12511,1491683.34,1790000.0
5460,547730.0,430000.0
11213,706490.0,650000.0
9761,657187.5,830000.0
3039,2620740.0,1805000.0
12285,909110.0,1171000.0
5198,775782.5,692500.0
10137,689894.44,667000.0
8961,809032.5,780000.0
1756,656190.0,656000.0
11333,816325.0,802000.0
6189,711195.0,778500.0
12734,1541922.5,1750000.0
9519,937818.995,861000.0
499,472557.5,474000.0
7786,1435059.5,1480000.0
2930,959127.5,1217500.0
2917,767220.0,765500.0
4236,874756.5,923000.0
8000,1156686.25,720000.0
640,1636317.5,1480000.0
11822,747905.0,740000.0
4340,367892.74999999994,340000.0
12247,1033645.0,1023000.0
7352,765167.5,570000.0
7695,2587360.0,3450000.0
11428,669736.6666666666,387000.0
8870,1532719.0,1050000.0
2515,876632.5,1500000.0
9490,452333.0,365000.0
12097,620730.5,540000.0
5716,476000.0,687000.0
12440,2266310.0,1950000.0
9068,1652690.0,1320000.0
1261,417542.5,272500.0
6414,900730.745,920250.0
11900,824247.0,615000.0
976,1995245.0,1760000.0
7390,943640.0,855000.0
11172,1939642.5,1540000.0
12634,1151212.5,1248500.0
12453,727995.0,753000.0
13086,906294.37,1025000.0
13478,603347.5,625000.0
11261,998632.5,920000.0
308,1270500.0,1440000.0
9465,1120642.5,918000.0
6805,502330.0,400000.0
11529,985825.0,1214000.0
4258,953047.5,993000.0
4694,829235.0,650000.0
5629,1002825.8333333333,1030000.0
9597,745503.5,550000.0
7796,1443400.0,1545000.0
2818,1637565.0,1710000.0
4929,988357.5,1000000.0
3131,1429515.0,1420000.0
3980,525238.869047619,450000.0
5583,722149.8541666667,965000.0
11937,541997.5,518000.0
8278,1022680.0,801000.0
2643,1050447.5,1100000.0
8224,845673.75,1017500.0
13150,646625.0,735000.0
8231,727743.75,801000.0
3285,1021042.25,740000.0
11606,411985.0,450000.0
12483,1412961.5,1510000.0
3318,639361.25,710000.0
10340,1418515.0,1600000.0
1087,741040.0,1300000.0
4937,1058077.0,1065000.0
7973,977224.25,1271000.0
4030,1136377.5,2588000.0
2849,1385260.0,1550000.0
9462,711202.5,680000.0
5732,640683.6666666666,430000.0
6230,1137080.0,1053000.0
9598,1099400.0,1120000.0
930,1321788.32,1370000.0
7171,865472.5,758000.0
4578,448527.5,395000.0
992,1612662.5,1506000.0
3645,1367542.5,1330000.0
5183,461612.5,490000.0
5988,614922.5,794000.0
7536,1158876.25,1205000.0
1094,3892950.0,4700000.0
6038,635573.5,580000.0
6912,749976.075,570500.0
11056,1730335.0,1910000.0
2774,2061500.0,2250000.0
10021,773710.0,877500.0
7356,1146385.25,1000000.0
11821,720682.5,830000.0
4519,547021.25,522000.0
424,1446805.38,1500000.0
10287,770572.5,635000.0
12477,897867.5,745000.0
5685,1192755.0,1125000.0
4701,705625.0,1240000.0
1018,834987.5,850000.0
9386,1004417.5,950000.0
12345,1854137.5,1430000.0
1499,1269905.0,1475000.0
1180,2052787.5,2000000.0
10361,845638.0,752500.0
1236,1311100.0,1537000.0
174,839100.5,880000.0
5407,1705080.0,1555000.0
7014,616094.25,655250.0
4413,349801.54761904763,435000.0
6116,1180125.0,930000.0
3299,455742.5,360000.0
397,1268545.0,1440000.0
13094,978297.5,980000.0
10855,463050.0,453350.0
6353,680519.1666666667,450000.0
5750,1156632.5,1080000.0
2749,3300210.0,3110000.0
3076,370144.3690476191,500000.0
8737,1962790.0,2000000.0
221,672193.0833333335,599000.0
9476,532410.0,500000.0
2528,1261438.75,1520000.0
3279,680110.0,735000.0
643,2260560.0,2170000.0
8051,671972.5,640000.0
12763,1851365.0,1650000.0
2975,875599.08,585000.0
8808,1298427.5,1350000.0
4477,764925.0,770000.0
5207,809555.0,866000.0
5023,1032772.5,930000.0
133,974732.5,865000.0
1274,814725.0,627000.0
13008,952407.5,1250000.0
278,2940845.0,2810000.0
4202,770996.25,800000.0
12939,1066572.5,1070000.0
541,1539365.0,1400000.0
7297,665078.5,560000.0
2364,1150667.5,1240000.0
5909,1387035.0,1715000.0
1494,964960.0,980000.0
9394,1738645.0,1650000.0
11812,819622.5,910000.0
13275,786869.25,855000.0
3010,678193.06,640000.0
13514,1231255.0,1510000.0
11082,1037234.1666666665,950000.0
6456,865882.5,922000.0
2395,775505.0,732500.0
10095,1822742.5,2905000.0
12197,582595.0,645000.0
2470,1355262.5,1270000.0
9177,1250145.0,690000.0
4127,722152.5,650000.0
1543,769412.0,640000.0
12546,1038172.5,1100000.0
9900,916225.0,880000.0
7838,662791.545,725000.0
13498,1071732.5,1072000.0
5569,1561610.0,1720000.0
8572,1398917.5,1450000.0
4809,435557.5,492000.0
1424,395237.5,500000.0
9185,1727952.5,1875000.0
6168,1317827.5,1650000.0
3833,782412.5,790000.0
8936,783231.38,340000.0
2200,557627.5,525000.0
4447,1590260.0,1676000.0
663,1984417.5,1900000.0
4643,648399.94,680000.0
12091,1556215.0,1635000.0
12784,1021740.5,961000.0
4734,522180.0,577000.0
6542,886637.0,811000.0
9510,1266470.0,1875000.0
7822,1376792.5,960000.0
3345,1281940.0,1210000.0
393,1718680.0,1500000.0
12838,423470.5,380000.0
11164,1213170.0,1250000.0
2214,925745.0,906000.0
6458,922852.67,860500.0
11457,739926.0,752000.0
7450,767245.0,916000.0
6631,1049228.75,780000.0
379,3952660.0,2950000.0
13189,1175182.76,1214000.0
1217,1932382.5,1710000.0
4507,1362727.5,1510000.0
6109,2013936.57,2440000.0
7477,581410.0,822000.0
9666,496655.0,503000.0
2064,777020.0,637000.0
3374,469395.0,504000.0
7674,981305.0,855000.0
9104,898405.8333333333,690000.0
5165,853870.0,703000.0
37,1069935.0,1030000.0
13452,595050.0,567000.0
2402,922875.0,800000.0
7321,570884.25,640000.0
2729,771032.5,760000.0
9484,877670.0,861000.0
11728,926812.5,681000.0
11123,978047.585,881100.0
10296,1546987.68,1331000.0
467,1402745.0,1100000.0
9763,1271621.94,1035000.0
4382,511450.0,598000.0
8711,531682.5,488000.0
1915,1313567.5,1221000.0
3294,709287.5,800000.0
3931,1344078.75,1072000.0
6749,498407.5,373000.0
3008,529363.19,515000.0
2702,496787.5,571000.0
6092,678377.5,657000.0
12519,783567.5,750000.0
10052,773042.5,770000.0
7750,945920.0,790000.0
7435,2130615.0,1700000.0
2351,958432.5,840000.0
12300,1113120.0,1090000.0
12591,855175.0,870000.0
5602,1768892.0,1460000.0
1751,773460.0,602500.0
5488,1134424.5833333333,1075000.0
8553,964264.0,1165000.0
4769,1868960.0,1305000.0
8280,990867.5,690000.0
4384,1282960.0,1065000.0
4711,860146.6666666667,575000.0
10132,1908860.0,1350000.0
7753,977102.5,940500.0
4730,2039620.0,1820000.0
10133,873210.0,890000.0
1683,1708210.0,2210000.0
11319,1194735.5,962000.0
2663,469670.0,605000.0
5243,424515.0,431000.0
2152,1123997.5,753000.0
4388,1263295.0,1200000.0
7430,1996420.5,1908000.0
489,2071310.0,1819000.0
11977,2536305.0,3300000.0
519,1221885.0,1140000.0
10536,643022.5,705000.0
9676,1057229.0,1218500.0
2891,745267.5,670000.0
8522,1057475.0,935000.0
10923,2818985.0,4050000.0
6680,1024805.0,760000.0
10342,658640.0,737500.0
11171,996252.94,1148000.0
3699,2121067.5,1880000.0
1785,581097.5,585000.0
5338,676120.0,680000.0
1861,1381260.2,1507000.0
223,1319292.5,995000.0
3083,1339462.5,1140000.0
10128,1111002.5,780000.0
791,636496.25,580000.0
2707,208843.29761904766,210000.0
2176,919730.0,800000.0
1453,418427.5,598000.0
10895,632842.5,700000.0
1753,1210967.5,1420000.0
406,1862320.0,1320000.0
2082,1128402.5,1430000.0
823,583345.0,495000.0
2984,875214.0,918000.0
2466,1381190.0,1290000.0
4069,491475.0,420000.0
11040,2645635.0,2215000.0
10983,725840.5,766000.0
2185,1578407.5,990000.0
4860,1268063.75,1050000.0
8357,977832.55,1100000.0
5653,624710.0,551000.0
12636,785148.75,770000.0
13492,913662.5,907800.0
7518,801840.5,767000.0
3803,2497380.0,1617000.0
1921,1195362.5,1202000.0
12513,1544209.88,1320000.0
6873,899565.0,800000.0
5997,525920.5,410000.0
9429,1308230.0,1617000.0
10420,721960.0,670000.0
11220,572722.5,560000.0
13297,953052.5,1000000.0
366,843446.4285714286,545000.0
1761,497505.1,380000.0
6617,838355.0,731000.0
10936,1217652.5,1200000.0
11903,1686660.0,1831000.0
1238,1237000.0,994000.0
7712,1650180.0,1667000.0
1640,699900.0,830000.0
5101,510970.69,555000.0
12226,2186000.0,1950000.0
9780,1249845.0,1375000.0
11404,835665.0,920000.0
13022,1576675.0,1500000.0
7186,755365.0,810000.0
3505,744422.5,715000.0
8400,2482095.0,2260000.0
10789,1240892.5,2185000.0
8189,745087.5,655000.0
7513,1380355.0,641500.0
2280,358902.5,485000.0
2712,786645.0,690500.0
6443,597448.5,582000.0
12792,1352737.5,1285000.0
9036,1913580.0,2520000.0
8469,375047.5,300000.0
5242,426462.5,405000.0
13095,823052.5,970000.0
8503,776750.0,975000.0
1103,1494197.5,1962000.0
12863,1183855.0,1150000.0
2746,2511135.0,1800000.0
7215,485466.6666666666,479500.0
5061,788691.38,851000.0
2118,680752.5,450000.0
7545,682605.0,610000.0
1460,775992.5,851000.0
2804,1392532.5,1220000.0
9540,1555941.25,1600000.0
11376,547316.25,610000.0
12432,409088.5,458000.0
1854,1199597.5,1001000.0
8117,1126562.5,1255000.0
634,1467892.5,980000.0
176,963561.665,1030000.0
4265,830175.0,827500.0
8653,1041282.5,1035000.0
2799,577272.5,480000.0
10544,600622.5,555000.0
2946,547072.5,600000.0
10005,1079155.0,1400000.0
5175,803330.0,730000.0
7808,1633920.0,1652000.0
5235,912030.0,1025000.0
3037,2348980.0,2000000.0
3161,367972.20238095237,480000.0
9551,725660.25,675000.0
4954,1012615.4166666667,930000.0
4752,1120720.0,900000.0
12394,845262.5,1120000.0
7028,1514870.0,975000.0
1919,723382.5,675000.0
5933,830353.33,1350500.0
10046,1660210.0,1700000.0
11828,492200.0,530000.0
2831,761934.5,690000.0
4558,860630.0,921000.0
9862,1189298.0,955000.0
3373,696042.5,705000.0
10841,570340.0,496000.0
4139,427980.0,831000.0
11995,520435.0,500000.0
2646,1025615.0,850000.0
7086,828034.57,472500.0
11253,1224235.0,1100000.0
6126,659940.5,770000.0
8713,778200.0,1013000.0
5438,1727157.5,1212500.0
5316,605585.0,450000.0
7439,1772210.0,2810000.0
8383,579524.1666666667,595000.0
11571,567467.75,510000.0
10992,983745.0,915000.0
12745,1615835.0,1450000.0
5905,1186826.6666666665,995000.0
11001,880462.805,900000.0
13027,504250.5,547000.0
2128,1539503.0,1535000.0
1191,1750735.94,1580000.0
4266,757598.5,793000.0
12604,715287.5,770000.0
1425,951112.5,1005000.0
8719,650985.0,640000.0
5875,593332.5,430000.0
10080,1227308.5,1400000.0
486,738660.0,642000.0
554,1991210.0,1910000.0
11412,726781.25,740000.0
10321,1609702.5,1702000.0
1418,427000.0,380000.0
3850,2235337.275,2123000.0
2457,1374979.5,850000.0
8842,1044134.0,750000.0
3032,812598.5,890000.0
12466,948010.0,850000.0
11832,967105.0,800000.0
13145,1033575.0,1160000.0
11419,765279.0,702000.0
12245,1247887.5,1200000.0
9399,575950.5,820000.0
10459,919190.0,802000.0
3733,689247.25,520000.0
11256,663238.0,900000.0
7177,1111295.0,1250000.0
768,1627765.0,1900000.0
725,1231197.5,1100000.0
3658,679152.5,610000.0
5125,918140.26,1700000.0
6889,718087.5,687000.0
6381,2150793.75,2050000.0
2031,496963.5,570000.0
11642,725718.5,880000.0
4168,1285822.5,1426000.0
6522,1162872.5,1126000.0
3382,1412530.0,465000.0
12309,796856.25,670000.0
1586,2920800.0,2000000.0
7977,599803.5,575000.0
13430,1270924.44,980000.0
1829,1387540.0,1460000.0
6161,2011412.5,1750000.0
3629,2850240.0,2350000.0
2730,730380.0,735000.0
11849,1149007.5,855000.0
12877,1102020.0,950000.0
3061,968955.0,875500.0
6020,660682.0,630000.0
4247,1205585.0,1040000.0
12537,903102.5,1031100.0
3151,923902.5,2920000.0
10713,831019.83,575500.0
7792,1090045.5,1090000.0
6044,796775.0,665000.0
5306,408032.5,342000.0
9779,1082007.5,1200000.0
8098,505335.0,560000.0
11674,1436537.5,891000.0
12710,903919.995,1085000.0
10714,651443.0,775000.0
10094,1300635.0,1402500.0
11746,1324045.0,1267000.0
7238,916337.5,967000.0
7887,623170.2,710000.0
5782,659497.5,685000.0
8588,1990625.0,2710000.0
8663,835414.0,815000.0
8380,614752.5,792500.0
6620,828145.0,720000.0
1523,1482804.5,1782800.0
9891,2997000.0,2450000.0
12146,594390.5,558500.0
8728,759617.5,825000.0
4554,1081658.75,1080000.0
12529,959070.0,805000.0
1687,1574185.0,1955000.0
12366,1165050.0,1300000.0
13522,1592842.5,1515000.0
8258,1755646.5,2000000.0
9116,883905.0,877500.0
13507,1215892.5,1305000.0
10061,1756465.0,1050000.0
4948,983462.5,920000.0
6606,1781327.5,1910000.0
3021,680250.0,802000.0
7100,996150.0,1035000.0
5466,1597235.0,1610000.0
7542,818912.5,990000.0
11053,403635.0,370000.0
888,836815.0,823000.0
1002,482850.625,400000.0
9807,1463022.5,3275000.0
8103,1785521.666666667,2300000.0
343,1202807.5,1130000.0
10134,1482281.6,1655000.0
11200,376765.91666666674,380000.0
2778,1514679.166666667,1510000.0
2454,693005.0,645000.0
11112,2738223.5,2500000.0
13551,793995.0,682000.0
4252,1151455.0,1176000.0
2724,436017.98,360000.0
8265,966635.8333333333,800000.0
5286,1365085.15,1506000.0
12361,976494.0,1105000.0
10106,1159677.5,1530000.0
8136,579873.5,1700000.0
5319,1435445.0,1074000.0
9626,612696.25,660000.0
6529,1667315.416666667,1172000.0
8491,965483.5,650000.0
12799,1021052.0,1100000.0
1783,1193495.0,896000.0
10363,685401.5,715000.0
12411,1238258.5,1375000.0
654,1987285.0,1800000.0
579,734899.5,730000.0
13014,1741975.0,1775000.0
5220,852107.5,885000.0
4145,1556625.0,1400000.0
2260,1636080.0,2116000.0
11426,489567.5,520000.0
11567,562561.0,620000.0
619,2025517.5,2575000.0
1399,280130.0,265000.0
11986,1327340.0,1820000.0
7476,1355347.5,1126000.0
11360,839386.3333333333,650000.0
8415,720022.5,841000.0
7737,1351077.5,1652500.0
4152,1113902.76,930000.0
4555,1061692.5,1000000.0
3426,453422.5,582000.0
13043,808247.5,876000.0
11377,780952.5,690000.0
10987,685275.0,665000.0
5654,1010290.0,740000.0
10868,708732.5,675000.0
9943,559735.0,560000.0
3019,1862735.0,2200000.0
10507,3008800.0,4100000.0
11604,1255597.5,1500000.0
2060,744205.0,745000.0
9128,557168.5,545000.0
8083,807987.5,895000.0
13134,741053.5,745000.0
9304,1211660.0,1301000.0
6544,895730.0,920000.0
6378,820381.6666666665,1100000.0
8214,637307.5,585000.0
7312,543630.5,695000.0
2509,1922136.38,2000000.0
10257,698715.0,545000.0
11145,1860077.5,2775000.0
7921,573212.5,630000.0
3932,475030.0,479000.0
3880,333187.5,300000.0
7266,886538.75,326500.0
9991,1264610.0,1350000.0
1844,2144472.5,1960000.0
6079,527912.5,593000.0
13228,382295.0,430000.0
10309,647477.5,770000.0
1136,1003905.0,1230000.0
8206,745167.5,755000.0
12324,779067.5,815000.0
2049,753796.94,765000.0
2017,995602.5,835000.0
12292,2006187.5,2100000.0
4343,1108965.0,1105000.0
5493,780660.5,720000.0
5609,517189.5714285714,480000.0
11068,822925.0,680000.0
126,896795.0,805000.0
11579,1106915.0,970000.0
8460,1313165.0,1100000.0
214,936745.0,970000.0
4610,563422.5,585000.0
1554,769125.5,702000.0
9365,885159.5,1280000.0
6368,495397.5714285714,515501.0
4075,1598290.0,1395000.0
12827,793783.94,465000.0
11144,1355839.44,1955000.0
10489,387277.96031746035,314000.0
7829,646860.0,741000.0
4678,961548.75,855000.0
12700,1011565.0,931000.0
5193,810570.0,830000.0
2973,763285.0,810000.0
4221,859307.5,930000.0
4004,916075.0,1630000.0
11882,1138492.5,1510000.0
12399,1001404.735,1080000.0
9486,1482685.0,1361000.0
11510,662100.5,550000.0
1427,388015.0,656000.0
11050,590943.3333333334,630000.0
1060,2281210.26,1761000.0
1267,876487.5,845500.0
13222,714115.015,766000.0
6902,653885.0,625000.0
722,1514715.0,1275000.0
11211,777530.5,700000.0
3598,1299237.5,1326000.0
4368,715082.5,1300000.0
9944,501533.75,511500.0
4209,1245725.0,1210000.0
13313,1868982.5,1561000.0
12954,1379758.0,1200000.0
4755,1509670.0,1670000.0
7690,598737.5,913000.0
5567,1877795.0,1185000.0
6968,718253.3333333335,887000.0
8767,1593285.0,1760000.0
4719,1488895.0,1342000.0
3955,1217625.0,1215000.0
10510,483923.75,400000.0
12107,1514055.0,1610000.0
1172,1700105.0,1495000.0
8780,564823.5,515500.0
5031,946947.5,731000.0
3558,1543630.0,1365000.0
4166,1001366.25,987000.0
11774,881457.5,980000.0
12386,965085.0,750000.0
10657,391445.8333333334,350000.0
8221,557248.0,560000.0
11991,726199.44,1015000.0
1250,2083000.0,2310000.0
5172,600582.5,475000.0
12612,436442.5,388000.0
7628,675410.0,690000.0
5004,850675.0,923000.0
3671,1451960.0,1440000.0
6711,836065.0,670000.0
12449,1305010.0,1390000.0
2450,1075772.5,1150000.0
1363,1193045.0,1170000.0
164,689960.0,635000.0
121,968847.5,1110000.0
5018,1112780.0,1615000.0
7115,1159753.5,1336000.0
11806,517535.0,530000.0
8011,1099353.0,2100000.0
11398,547469.5,557000.0
12509,3072475.0,3200000.0
7366,944877.5,930000.0
1667,3082915.0,1742000.0
9880,1245085.0,1680000.0
7054,1152120.0,1076000.0
13163,1457411.49,1890000.0
1595,770663.0,900000.0
12807,1162731.5733333335,955000.0
10222,1143836.94,835000.0
9186,2384425.0,2320000.0
1035,795547.5,505000.0
7105,658946.0,750000.0
5521,1115920.0,1270000.0
9580,2758455.0,2855000.0
296,1016927.5,970000.0
10364,1395505.0,1300000.0
6651,412170.2466666668,410000.0
3120,924050.0,610000.0
4091,930115.0,1015000.0
12521,1366377.5,1670000.0
6954,1275497.5,1220000.0
2535,1096900.0,1315000.0
2861,1834622.5,1931000.0
1817,1407617.5,1400000.0
9879,1174355.0,1275000.0
6488,903000.0,890000.0
6278,1230539.1666666665,1265000.0
6785,1387323.75,1574000.0
1082,2239220.0,3180000.0
11235,1708402.5,1400000.0
10949,579171.0,560000.0
6672,1107934.9999999998,1055000.0
6804,603035.0,480000.0
6589,1342839.0,830000.0
7052,735221.75,850000.0
4055,1796127.5,1730000.0
6953,469925.0,420000.0
4330,776135.0,746000.0
6855,1623965.0,3520000.0
11022,457652.5,545000.0
10820,2764327.5,1855500.0
7112,440024.0,270000.0
1978,1209322.5,1260000.0
4109,1447107.5,980000.0
5989,735480.0,890000.0
7107,675737.5,685000.0
103,3488960.0,2800000.0
2476,462125.0,396000.0
8954,601046.525,365000.0
1961,1188072.5,865000.0
974,973445.0,1715000.0
4211,303940.0,335000.0
2627,818550.0,918000.0
13225,776347.5,752500.0
10354,1558110.0,1640000.0
1651,600422.875,722000.0
11007,561192.5,561000.0
8965,477469.0,451500.0
12866,1071814.25,1070000.0
11423,487030.0,520000.0
8317,932552.5,1025000.0
13044,876787.505,866000.0
5573,1988025.0,2525000.0
10960,999717.55,1070000.0
9743,537692.5,558000.0
3488,687650.0,600000.0
11640,931324.5,1005000.0
119,879757.5,985000.0
4311,909435.0,840000.0
11019,777491.0,904000.0
6976,2754850.0,2800000.0
12335,1069534.5,1080000.0
12893,1832791.195,1920000.0
7960,2561325.0,3600000.0
13569,1050912.675,1323000.0
5739,604021.6666666666,660000.0
13182,527810.0,634000.0
399,1608274.08,1422000.0
2105,917390.0,683000.0
5178,520127.5,480000.0
10586,784131.0,775000.0
5187,886710.0,670500.0
9092,579459.5833333334,665000.0
12919,607895.5,1335000.0
253,2556344.0,2250000.0
556,3123470.0,3000000.0
11737,414332.5,326000.0
13105,700923.5,724000.0
6263,304774.1666666666,260000.0
138,2042306.94,1900000.0
5455,869840.005,821000.0
3254,558757.5,605000.0
6171,1199520.0,1185000.0
3284,468532.5,532000.0
7699,426851.875,595000.0
12751,657997.5,628000.0
10680,776289.44,700000.0
6016,733335.0,626800.0
12727,1015820.0,760000.0
6157,744258.6666666665,770500.0
5820,1284075.0,1220000.0
10109,1076660.0,1082000.0
5582,912205.0,1230000.0
5082,748470.0,650000.0
12140,390054.8154761905,330000.0
9688,2040590.0,1805000.0
11715,517700.0,528000.0
3071,1555715.0,1450000.0
1379,1476100.0,947000.0
4672,575150.0,616000.0
2134,1127054.5,1050000.0
4018,2213960.0,2005000.0
1894,419234.1666666666,325000.0
11565,1019275.0,1360000.0
1992,663647.5,599000.0
45,785442.5,720000.0
7344,1074355.0,1124000.0
1292,448505.0,895000.0
9192,533140.0,485000.0
7222,896985.0,1074000.0
11080,947937.5,790000.0
12441,1722288.3333333335,2000000.0
8111,1274012.5,1410000.0
2625,1120760.0,1110000.0
12396,526342.0,515000.0
12928,2713705.0,2550000.0
13176,1003085.0,1300000.0
3667,2072170.0,1500000.0
2892,607621.0,572000.0
9257,585945.75,602000.0
7679,3005225.0,3550000.0
12049,956575.0,750000.0
13499,1076731.25,1290000.0
13491,1146621.495,1185000.0
9314,2002060.0,2221000.0
5366,998512.5,842000.0
8885,1106967.5,1250000.0
2503,1897947.5,1700000.0
6032,732997.0,725000.0
11263,884840.0,655000.0
7836,359037.5,445000.0
9168,831147.5,817000.0
11748,1489442.32,1750000.0
7609,1310020.0,1450000.0
12706,791290.0,751000.0
10862,627377.5,514000.0
4304,627097.5,657000.0
2976,846975.2,772500.0
3840,1676172.5,1500000.0
7564,671472.5,1350000.0
12319,725452.5,791000.0
7347,1468320.0,1600000.0
4495,651862.9166666666,570000.0
1541,968712.5,1145000.0
1869,801667.5,650000.0
1201,1505660.94,1301000.0
10300,812422.5,865000.0
154,493983.0,510000.0
7354,2436895.0,1925000.0
4053,1693777.5,1780000.0
13216,2503690.0,2600000.0
258,2093177.5,2365000.0
8594,568149.1666666666,740000.0
8447,1454005.0,1370000.0
4411,651547.5,601000.0
4492,1650226.94,1820000.0
449,1182655.0,1160000.0
9600,855150.005,690000.0
13114,1390356.5,1555000.0
5143,1107014.44,786000.0
776,1739267.5,1900000.0
6166,1916277.5,2125000.0
6045,717475.0,710000.0
12137,562940.0,660000.0
3567,787627.5,868000.0
4772,567745.0,520000.0
10426,302708.3333333333,470000.0
1091,626542.5,575000.0
6622,819752.585,800000.0
2288,1836045.0,1875000.0
9701,787960.0,780000.0
2630,928752.5,855000.0
12246,834395.0,800000.0
12007,824802.655,890000.0
12944,500850.0,480000.0
12256,2068387.5,1609000.0
9970,1144869.5,970000.0
6360,1982767.5,1635000.0
3359,1425250.0,981000.0
12516,825432.5,932000.0
713,1383492.5,1500000.0
4129,1431417.5,1505000.0
1334,1328860.0,1815000.0
6030,557570.5,605000.0
10241,632732.5,612500.0
12828,852658.75,920000.0
6292,549255.0,450000.0
3378,1544495.5,1605000.0
7216,1851000.0,2050000.0
9233,3203130.0,5600000.0
10062,741647.5,716000.0
5281,1213495.0,1102000.0
8852,680425.4166666665,535000.0
7490,1335747.5,700000.0
8220,513217.5,427500.0
4615,417085.0,386000.0
476,832613.0,850000.0
3277,664643.75,691000.0
13340,778351.25,791000.0
11160,2173000.0,1900000.0
6900,622247.5,540000.0
5969,673982.5,655000.0
11353,593210.0,785000.0
9018,423147.5,290000.0
7770,836315.0,720000.0
2676,680450.0,480000.0
12042,629512.5,618350.0
18,1157712.5,955000.0
3636,1394210.0,1476000.0
12715,566940.0,647000.0
2113,1351940.833333333,1500000.0
5863,1104325.0,1365000.0
1567,1957970.0,1690000.0
3081,794257.5,450000.0
335,1195860.0,1037500.0
4906,951100.5,775000.0
10856,841380.0,895000.0
3991,807987.5,750000.0
10764,928225.0,1627000.0
4699,764675.0,599000.0
2227,872810.0,820000.0
2101,1357535.0,1470000.0
879,1010453.0,791000.0
3710,1736475.0,1315000.0
1468,1171715.0,980000.0
2943,692192.5,630000.0
7205,865197.5,1470000.0
13398,1063160.0,975000.0
7953,773797.5,780000.0
1069,1040647.5,1850000.0
7511,1010950.0,845000.0
10702,618470.0,575500.0
6619,794915.0,720000.0
8330,1479530.0,1785000.0
12330,2785650.0,1900000.0
3814,1566152.5,1000000.0
12558,1838465.0,1500000.0
2087,444015.0,440000.0
230,549617.25,660000.0
13465,1685078.75,1800000.0
332,724577.5,705000.0
11942,1138444.04,835500.0
2985,625228.37,750000.0
13171,1481605.0,1710000.0
10277,1000580.0,1100000.0
6747,1349655.0,1325000.0
9703,1192535.0,1255000.0
7081,482460.0,537000.0
1391,443392.5,521500.0
11427,766415.0,515000.0
8499,822867.5,888000.0
1312,995552.5,825000.0
12658,1835302.5,1725000.0
4556,1441983.5,1235000.0
3998,568903.3333333334,700000.0
9552,752861.9166666665,660000.0
13294,610497.5,549500.0
4277,1359905.0,820000.0
7135,1360122.5,1420000.0
5585,2934898.0,1510000.0
4159,1024750.0,950000.0
11118,1009377.5,900000.0
10108,1351613.5,1370000.0
6578,367855.0,452000.0
13526,598648.75,640000.0
13120,531915.0,575500.0
597,1690719.166666667,1750000.0
671,1500615.0,1520000.0
503,1122797.5,1080000.0
6944,803089.165,655000.0
5266,2117928.75,3335000.0
13041,964870.0,961000.0
10922,1225342.5,1296000.0
4235,1192156.5,1620000.0
9700,791702.5,850000.0
4014,1335040.0,1020000.0
7074,2094910.0,1797000.0
4779,1176990.0,1010000.0
2948,558940.5,501000.0
4890,519405.0,715000.0
9819,1014275.0,769000.0
134,487412.5,390000.0
1597,575442.9666666667,530000.0
4732,711068.7416666667,600000.0
509,1269635.0,1070000.0
7798,576240.0,440000.0
10268,687445.0,805000.0
6658,457903.16,330000.0
2400,920347.5,1001000.0
9469,787862.5,795000.0
1457,922122.5,816000.0
9623,910757.5,1051000.0
5141,604747.5,680000.0
6466,664502.5,645000.0
257,556490.1666666666,490000.0
651,1167475.0,1350000.0
10684,466269.175,675000.0
7055,1228616.94,1362000.0
13546,437663.75,480000.0
845,1127155.0,1270000.0
12024,652244.5,900000.0
3213,2588610.0,1976000.0
6078,536331.0,650000.0
11644,813152.5,895000.0
10201,841486.375,911982.0
12936,884247.5,790000.0
94,1767805.0,1300000.0
5657,411915.0,450000.0
832,1331407.46,1415000.0
12233,1157680.0,1160000.0
4589,448527.5,526000.0
8384,510602.5,346000.0
8766,862162.5,620000.0
11611,1758392.5,1790000.0
11635,519492.0,500000.0
5433,659532.5000000001,560000.0
6690,962579.375,781500.0
12903,2659580.0,2600000.0
3884,633438.75,536000.0
5561,1416717.3333333335,891000.0
12252,855374.0,930000.0
12443,1395585.0,1750000.0
7311,1172475.0,1330000.0
11029,388613.75,360000.0
5775,2069399.9999999998,1891000.0
4706,947712.3333333335,1340000.0
3755,514437.5,510000.0
5647,421825.0,400000.0
4391,1918449.44,1600000.0
1911,588485.0,640000.0
11386,627267.5,670000.0
4858,1583050.0,1015000.0
11354,1436410.0,1410000.0
4426,1467832.5,2100000.0
4816,1072290.0,1430000.0
2554,868300.0,677000.0
11265,1068180.0,935000.0
7795,1495840.0,1880000.0
8542,872568.75,1256000.0
12179,690393.5,693000.0
13401,456982.5,460000.0
6477,914782.9166666667,995000.0
13440,760295.0,600000.0
8325,440097.5,370000.0
1347,349466.25,440000.0
5168,711682.5,613000.0
760,937605.0,895000.0
3234,1233157.5,1587500.0
11484,473026.25,468000.0
752,1021200.0,825000.0
6179,2923742.5,2450000.0
1095,2024852.5,1785000.0
11327,829822.88,583000.0
12826,867805.0,935000.0
9424,723625.0,616000.0
13067,1299946.0,1360000.0
9416,1379567.5,1557000.0
1658,3201400.0,3400000.0
11847,789772.5,822000.0
6311,939960.0,1143000.0
10637,752312.5,614000.0
5557,600000.4166666666,561000.0
507,1989297.5,1800000.0
6358,813019.1666666665,1450000.0
7027,2477075.0,2200000.0
7436,425794.03571428574,1100000.0
12718,900747.5,1170000.0
31,1463865.0,1290000.0
8610,1440092.5,1291000.0
12642,458585.0,470000.0
13494,854700.99,720000.0
6075,613655.0,544500.0
10686,878667.585,866000.0
3719,406265.0,275000.0
3379,1149892.5,587000.0
3784,1308720.0,1611000.0
2553,2470769.1666666665,4011000.0
1775,1690015.0,1410000.0
4853,1497402.5,1450000.0
6893,618343.175,585000.0
2760,598810.0,550000.0
2954,725290.5,631000.0
7090,933114.315,1000000.0
6520,1159712.5,906000.0
5378,730212.5,646000.0
3481,835475.0,695000.0
8865,860344.0,880000.0
12110,851650.0,813000.0
6762,1305010.0,1310000.0
7035,552827.5,420000.0
2213,1702436.5,1625000.0
6288,1201305.0,920000.0
2551,721251.2857142857,710000.0
3635,2598652.5,2513000.0
7787,1498402.5,1300000.0
7898,671215.0,420000.0
11087,1565885.0,1225000.0
1297,1175065.0,1060000.0
10192,1116027.5,570000.0
8297,604297.5,815000.0
11190,814620.5,870000.0
6582,839172.5,650000.0
13367,2664701.64,2830000.0
3203,500597.5,743000.0
2090,527635.0,372000.0
4197,1109472.5,1105000.0
10068,556125.0,460000.0
5753,1018142.5,850000.0
4214,1153945.0,995000.0
6726,278882.5,380000.0
7995,902240.0,725000.0
2337,1612279.583333333,1830000.0
5738,1383100.0,700000.0
334,532092.5,540000.0
5636,728322.5,805000.0
3894,586134.0,425000.0
6547,1331517.5,1300000.0
3411,2054380.0,2090000.0
7353,812780.0,755000.0
6856,863860.0,740000.0
11775,481442.5,495000.0
10008,752908.88,740000.0
8288,565136.25,615000.0
3839,1741220.0,1505000.0
304,798140.0,770000.0
8899,640555.95,550000.0
402,1230090.0,1710000.0
8358,1625920.0,1820000.0
396,1676491.26,1415000.0
2767,1300457.5,967500.0
1480,1276537.5,1400000.0
7313,449195.0,812000.0
4376,809092.5,800000.0
2030,817290.0,981000.0
3043,2407505.0,1875000.0
5925,846991.5,800000.0
5866,2179626.2499999995,1678000.0
10902,665817.5,720000.0
10042,862431.0,833800.0
8528,1609947.5,2035000.0
9992,1260147.2,1075000.0
11243,725167.5,900000.0
10667,879937.5,790000.0
12503,768400.0,690000.0
3197,1593740.0,1855000.0
812,1171221.25,1050000.0
9046,737750.0,1400000.0
9165,758235.0,1100000.0
7131,1390075.0,1370000.0
11534,519477.5,604000.0
7569,1031357.5,1990000.0
12077,520397.5,427500.0
3099,1233447.25,1255000.0
7180,492245.8333333334,435000.0
6366,1469060.0,2840000.0
9333,629578.3333333334,586500.0
3064,2071864.9999999998,2600000.0
10333,623182.5,680000.0
8756,698195.0,682000.0
4255,1209605.0,1185000.0
10196,631072.5,510000.0
3009,687547.5,716000.0
3510,1002947.5,1470000.0
7968,523770.0,555000.0
11816,667788.0,615000.0
11928,617325.75,682000.0
9579,2437140.0,2225000.0
11710,618490.0,650000.0
3188,4241305.0,5050000.0
11024,1438550.0,1705000.0
13037,904340.0,980000.0
2456,1411986.0,1630000.0
2517,1270442.5,1510000.0
828,1116425.0,1206000.0
7739,1408767.5,1660000.0
2763,2101785.0,2115000.0
11739,391425.0,412250.0
9035,689880.0,767000.0
8139,958142.5,828000.0
5480,625457.5,710000.0
1670,1655407.5,1330000.0
9028,1360660.0,1200000.0
3974,925572.5,820000.0
7265,1366300.0,1575000.0
13437,818163.3333333333,655000.0
7062,649552.5,1125000.0
11476,621400.0,690000.0
167,686770.0,730000.0
9959,691662.5,890000.0
10928,1677445.0,1680000.0
12883,1362835.0,1300000.0
4842,1285382.55,1460000.0
274,918617.5,1101000.0
9315,599482.0,515000.0
9612,703935.0,638000.0
11163,2429835.0,2635000.0
125,674486.5,525500.0
11848,1002616.0,988000.0
12848,473695.0,482000.0
13308,2126822.5,2350000.0
4026,2185345.0,1910000.0
10520,643582.5,535000.0
10711,999631.6666666665,880000.0
4445,1006930.0,844000.0
7076,332672.5,405000.0
12544,2288082.5,1980000.0
3857,1817022.5,1600000.0
5862,627090.0,750000.0
10164,1156375.0,1300000.0
8843,740815.0,650000.0
12389,884130.0,906000.0
6694,1114860.0,925000.0
4561,929845.055,800000.0
9200,1750167.5,2525000.0
10377,412310.0,383000.0
4269,911445.0,910000.0
624,1612915.0,1400000.0
7539,936740.0,910000.0
3725,808757.5,880000.0
8037,2714075.0,2150000.0
3079,2331965.0,3325000.0
8724,942565.0,900000.0
9183,1845762.5,1790000.0
5473,812178.75,945000.0
13010,751087.5,620000.0
7976,522825.0,665000.0
2141,2056518.0,2168000.0
12092,1379795.0,1406000.0
641,2908120.0,3000000.0
1346,1016275.0,860000.0
2587,1135740.0,1290000.0
9659,900375.0,1000000.0
4188,1179880.0,1191000.0
10078,1267575.0,1425000.0
12274,715253.0,510000.0
13545,482818.0,516000.0
6086,234346.75,280000.0
13049,778719.49,597000.0
3028,691670.0,760000.0
3774,1966027.5,2050000.0
6261,960501.6666666665,910000.0
1357,665412.5,575000.0
12208,1303775.0,1285000.0
6354,487432.1547619048,349000.0
10741,382725.0,373500.0
8123,1065691.0,1230000.0
11869,979515.0,900000.0
10818,714642.775,600000.0
2007,1058417.5,1150000.0
6933,718359.92,540000.0
9811,1408615.0,1275000.0
8672,612553.3333333334,580000.0
7683,1589295.0,1905000.0
11501,785961.0,725000.0
7473,856311.4285714286,1005000.0
6876,1239442.5,652500.0
275,1999965.0,3512500.0
12955,1387857.5,1410000.0
865,1302052.5,1185000.0
10032,1275080.0,1530000.0
7985,672575.0,630000.0
8539,1192747.5,750000.0
3782,591530.0,635000.0
8483,621877.5,715000.0
10411,812650.0,960000.0
3078,1100340.0,800000.0
10645,1393551.5,1430000.0
1789,506135.15,605000.0
12858,742128.0,640000.0
11269,1199247.5,825000.0
565,574193.5000000001,650000.0
7398,414695.25,503000.0
16,1133954.5833333335,1200000.0
578,2331187.5,1912000.0
2359,995232.5,1130000.0
2908,665201.0,612500.0
12776,906680.0,792000.0
11767,525250.0,580000.0
10015,770139.1666666667,691000.0
2573,1518460.0,1655000.0
1001,786182.5,836000.0
2180,872242.5,1102200.0
1819,755202.5,722000.0
11768,568087.5,706000.0
9587,659300.0,590000.0
9070,1684650.0,845000.0
1638,1489405.0,1550000.0
6533,1108670.0,1310000.0
2182,1654532.32,1782000.0
7419,519963.75,685000.0
5274,997785.0,1042500.0
10755,624737.5,602000.0
3514,499012.91666666674,420000.0
1043,3725167.5,3695000.0
5813,639092.5,570000.0
6174,2399442.5,2160000.0
6480,1452042.5,1120000.0
10009,690382.5595238096,816000.0
6349,1790902.5,1100000.0
5840,715380.625,650000.0
4472,1339665.0,1225000.0
1845,1136482.5,825000.0
12038,1192543.75,1260000.0
12696,960475.0,975000.0
5013,879062.5,870000.0
4448,1646640.0,900000.0
13451,506629.5,565000.0
605,1112425.0,1150000.0
6938,493685.0,470000.0
7274,886365.8333333333,935000.0
272,3431385.0,3625000.0
10219,899501.37,720000.0
11358,456563.33333333326,490000.0
2379,1051952.5,855000.0
2095,617902.5,457000.0
10539,781088.0,740000.0
955,1084780.0,950000.0
9383,2171218.333333333,2760000.0
9118,641377.5,595000.0
11711,548795.0,576000.0
2092,1310565.0,910000.0
13489,1061615.0,1002500.0
8079,389534.5833333334,432000.0
13399,851515.0,950000.0
1358,909145.0,1020000.0
10447,979672.5,1225000.0
12881,1384880.0,1425000.0
12907,1400107.72,1115000.0
5799,493118.3333333334,542500.0
10914,1409080.0,1250000.0
3353,1969915.0,1601000.0
5827,1390285.0,1295000.0
1943,1212192.5,1064000.0
7881,714306.5833333335,721000.0
3535,568943.2333333333,442000.0
1654,2410732.0,1640000.0
7785,963560.0,855000.0
3388,415812.0,420000.0
13363,808040.0,728000.0
5006,1110052.5,1150000.0
11061,2639705.0,2825000.0
7706,287156.6666666667,305000.0
4097,944627.5,890500.0
5406,1275187.5,1200000.0
1972,1004860.0,650000.0
8690,788076.6666666665,760000.0
10731,624555.0,622000.0
1524,1331285.0,1468000.0
5354,1368855.0,1695000.0
11433,701478.5,775500.0
1476,960312.5,1250000.0
7241,879007.5,910000.0
13475,580758.75,671000.0
10739,901875.0,1075000.0
4668,602466.0,533000.0
4565,738267.5,800000.0
13247,974705.0,950000.0
3744,594610.0,695000.0
4439,2021750.0,2155000.0
5815,606745.0,475000.0
5814,558312.5,540000.0
6842,1380085.0,1550000.0
10935,1725425.0,1751000.0
9145,1052132.5,900000.0
8537,748482.5,650000.0
2175,1425510.0,1474000.0
5773,635945.8333333334,500000.0
11704,710409.5,735000.0
4872,400718.5,240000.0
10526,807012.5,905000.0
10710,1345622.5,1510000.0
10521,722705.0,865000.0
4799,498113.33333333326,470000.0
13168,649692.5,646000.0
6878,1016865.0,925000.0
7291,641426.25,600000.0
10262,283123.0,280000.0
159,430439.75,391000.0
4194,966938.75,825000.0
7967,358022.5,375000.0
8416,675102.5,710000.0
6939,638084.0,700500.0
8523,990406.875,990000.0
1826,486034.375,550000.0
4011,904421.0,535000.0
5548,381677.5,380000.0
7331,890821.0,690000.0
8236,824100.0,1110000.0
7009,523820.0,568000.0
4288,798500.0,780000.0
12859,647752.5,750000.0
2585,1112352.5,1255000.0
4965,746410.0,928000.0
8575,1957902.5,1912500.0
10529,1488880.94,1580000.0
3311,651986.25,722000.0
5687,1457445.0,1400000.0
13518,1438150.0,2475000.0
2084,1320736.25,950000.0
2201,1981035.0,2050000.0
9032,1492400.0,1620000.0
12998,876927.5,1000000.0
6919,654369.0,850000.0
2805,1453385.0,1375000.0
4027,1149240.0,1320000.0
12360,756507.5,650000.0
532,649399.8958333335,526000.0
10202,1244044.0,1040000.0
10138,720829.44,740000.0
7911,962280.0,1050000.0
1870,992547.5,965000.0
660,1984735.0,2100000.0
5699,543745.0,470000.0
13315,657915.5,700000.0
13535,1217927.5,1426000.0
4386,540356.6964285714,587134.0
6028,805995.0,640000.0
8107,1171790.4166666667,1070000.0
9320,1061647.5,805000.0
2270,1517727.5,1911000.0
3253,731932.5,725000.0
7304,551171.25,460000.0
8905,555283.9166666666,390000.0
4574,2473206.666666667,1230000.0
8753,450515.0,573000.0
4144,855955.0,822500.0
12680,768713.5,850000.0
4358,422556.875,368000.0
12473,615507.5,595000.0
7975,755317.5,910000.0
380,1825280.0,2215000.0
7840,400780.97222222225,328000.0
6814,1138559.8,881000.0
1281,1026457.5,940000.0
2519,1347840.0,1145000.0
7834,640205.0,670000.0
4323,1087675.01,1020000.0
9899,799782.5,730000.0
5946,663865.0,702000.0
12692,799347.5,810000.0
5148,879562.5,800000.0
5762,973010.0,690000.0
6875,881630.0,685000.0
378,1605624.08,1337000.0
7317,603972.5,636500.0
12417,490405.0,510000.0
10174,583645.0,593000.0
9814,1002867.5,1204000.0
4874,1660210.0,1612000.0
12248,707800.0,680000.0
12221,1009330.0,985000.0
4293,447325.8333333334,457000.0
9836,927266.04,732000.0
2525,1949684.0,1780000.0
4497,1328130.0,1400000.0
9930,788049.5,875000.0
538,1304930.0,1367000.0
5983,686682.5,700000.0
10647,1423809.44,1310000.0
6640,806355.0,710000.0
3660,781607.5,707500.0
7648,752529.5,860000.0
11796,914107.66,945000.0
9556,1627425.0,1900000.0
9767,871337.5,905000.0
8939,601237.5,572000.0
10732,717842.0,650000.0
10614,695857.5,286000.0
11563,996680.0,1005000.0
3474,947516.665,835000.0
8645,365700.0,380000.0
6146,710142.5,610000.0
8245,660075.0,645000.0
5030,468142.5,415000.0
10593,666516.3,585000.0
9573,679668.75,762000.0
5640,1160689.1666666665,1036500.0
6379,680519.1666666667,490000.0
1669,590086.0,1016000.0
3291,794710.0,808000.0
5270,380780.0,421000.0
9582,2589530.0,2200000.0
3990,407749.5833333334,210000.0
9002,2077890.0,2500000.0
4606,756095.0,767000.0
9375,912027.5,1155000.0
381,1639215.0,1518000.0
7122,886422.5,820000.0
10184,2738897.5,2408000.0
10292,1607555.833333333,1500000.0
7243,846070.0,820000.0
8799,938190.0,660000.0
8336,1149755.0,1052000.0
11336,1303995.0,1735000.0
7467,709745.0,565000.0
10899,1637949.7619047621,1460000.0
3192,571605.0,470000.0
6655,826545.0,630000.0
3662,1892520.0,732000.0
11486,870287.5,550000.0
9288,924187.5,970000.0
11652,987150.0,900000.0
12161,781686.5,612000.0
7306,776679.0,430000.0
11654,657515.8333333333,895000.0
7516,865387.5,986000.0
4487,1369457.261904762,2160000.0
12068,841971.0,1129000.0
1652,3100385.0,2350000.0
12112,1118111.94,1300000.0
8546,1240742.5,1455000.0
9652,1038550.0,900000.0
3480,860960.0,785000.0
12779,723822.5,721000.0
8709,1177935.0,1406000.0
9985,613761.0,850000.0
11330,653675.0,535000.0
4067,1458717.5,1350000.0
10376,1029615.995,1010000.0
834,1167201.94,1060000.0
13482,780333.5,651000.0
8761,749130.5,677000.0
11517,761865.0,960000.0
6638,843185.0,960000.0
10849,627565.0,580000.0
5998,573213.75,720000.0
10392,2249020.0,2300000.0
5721,569797.9166666666,530000.0
5065,504200.0,410000.0
5389,1290585.0,1270000.0
12304,762155.0,695000.0
12730,1116355.0,965000.0
11467,1438040.94,1610000.0
477,741522.5,635000.0
1124,2084102.5,2475000.0
13565,1243353.5,1263500.0
5280,1145362.5,1025000.0
11031,856065.0,850000.0
6084,577268.0,547500.0
8642,1708700.0,1817000.0
5838,479072.5,450000.0
7635,830550.0,825000.0
6848,1658500.5,1162000.0
3683,1500382.5,1420000.0
1818,2593320.0,2830000.0
13305,786880.8333333335,895000.0
1569,776094.5,717000.0
6593,662892.5,623000.0
10332,827230.0,800000.0
6792,1424657.5,1679000.0
1748,577707.1666666667,675000.0
5668,1729007.5,2395000.0
11823,497200.0,620000.0
2839,1017067.5,375000.0
7772,785050.0,875000.0
1143,3460807.5,2640000.0
11689,1166610.5,1000000.0
11546,669662.5,800000.0
6060,720155.0,645400.0
574,1297625.0,1100000.0
13046,984917.5,920000.0
4637,919035.0,810000.0
13357,1189522.5,1311000.0
8264,901882.5,770000.0
2819,1788012.5,1770000.0
5501,760966.5,755000.0
575,2636130.0,3020000.0
8910,2068675.0,1900000.0
5369,1392895.0,1456000.0
7358,419230.8333333334,425000.0
83,1378505.0,1110000.0
10386,2487530.0,2400000.0
12678,1120407.5,1441000.0
8441,1644941.6666666665,1600000.0
11150,433181.25,370000.0
12122,637825.0,620000.0
982,1001315.0,975000.0
12571,1333475.0,1370000.0
13099,1525684.38,1210000.0
10282,614037.5,566000.0
4402,1007220.0,860000.0
4898,980467.0,650000.0
7017,2308367.5,2040000.0
2004,934500.0,845000.0
5320,1152945.0,1205000.0
1083,1388337.5,960000.0
6367,2032817.5,2700000.0
8992,1189419.44,1000000.0
7422,553247.5,575000.0
1969,565237.5,635000.0
1559,741787.5,729000.0
5873,596059.0773809524,580000.0
9499,993560.0,1100000.0
3889,1195890.0,1297000.0
7325,1050155.0,880000.0
6041,657187.0,650000.0
7457,1358165.0,1705000.0
2157,1293217.5,1485000.0
9470,2117895.0,1775000.0
7378,741410.0,800000.0
3172,2112995.0,1936000.0
1259,1037075.0,1050000.0
9355,1145014.14,1626000.0
5706,412347.5,410000.0
4580,1537610.0,2200000.0
11181,1200080.0,1450000.0
2291,1268224.0,878500.0
188,695665.0,750000.0
5554,1700585.0,1250000.0
12301,1166572.5,1500000.0
5939,874945.0,1030000.0
12074,671460.4166666665,540000.0
10478,750970.0,617500.0
3035,1725200.0,1250000.0
9319,832577.5,790000.0
2465,1163937.5,1045000.0
4576,1573127.5,1805000.0
1454,430587.5,497000.0
6604,558206.25,474000.0
9737,704407.5,810000.0
7634,948210.0,670000.0
8348,830060.0,665000.0
1156,3544862.5,3105000.0
3858,1892645.5,2001000.0
4008,2328265.0,2600000.0
8703,799835.0,721500.0
4661,867689.44,780000.0
5788,394127.5,400000.0
675,1677714.166666667,1530000.0
8115,584983.0,582000.0
7218,501766.6666666666,450000.0
10195,1880005.0,1550000.0
8176,1351967.5,1235000.0
11279,2113320.0,2330000.0
1509,2045035.0,1890000.0
13439,600871.675,540000.0
12106,853392.5,950000.0
13509,1023597.5,1118000.0
10440,2140792.5,2042000.0
10751,877422.5,704500.0
1563,1043147.5,950000.0
5589,633487.3630952381,535000.0
8426,547780.5,511000.0
12782,638312.5,650000.0
11668,835545.0,830000.0
8089,588128.3333333334,442500.0
4029,727890.0,750000.0
5357,1625217.5,1765000.0
9495,1659325.0,1350000.0
256,392740.0,440000.0
7292,704095.0,600000.0
1872,1089251.5,1301000.0
7663,839035.0,870000.0
1279,1034370.0,855000.0
5307,432080.83333333326,681000.0
7262,755154.5,790000.0
4639,509680.0,500000.0
3735,631602.5,580000.0
3597,3384772.5,3550000.0
7920,812728.61,880000.0
3709,1448791.6666666665,1963000.0
6304,298009.1666666666,245000.0
9805,727096.25,570000.0
13556,470098.5,350000.0
13299,1046397.5,810000.0
3471,1067645.0,1010000.0
2043,707055.0,735000.0
9620,661881.25,740000.0
181,686770.0,730000.0
8314,825955.0,1005000.0
8791,761412.5,840000.0
4880,975162.5,1004000.0
644,2343100.0,2525000.0
6190,1801970.0,1751000.0
12076,421202.5,385000.0
600,1594705.0,1825000.0
3921,1016977.5,920000.0
5808,590265.0,690000.0
7260,854900.0,709000.0
5500,973182.9166666665,1001000.0
7420,492702.5,455000.0
8262,1099297.5,1200000.0
7483,1021642.5,1300000.0
6667,954997.5,850000.0
13139,1762590.0,1966000.0
2436,464370.0,435000.0
5682,403555.0,310000.0
2369,865885.0,645000.0
8195,1392020.2,1840000.0
1529,881970.0,633000.0
3048,1127635.0,1615000.0
4617,556975.0,522500.0
7892,771577.5,910000.0
637,1877135.0,1950000.0
5053,462593.75,405000.0
8701,1030892.5,900000.0
4153,1153613.75,1090000.0
9640,1283595.0,1150000.0
2464,1289955.0,1290000.0
8896,635608.5,655000.0
4548,960278.5,995000.0
6541,887977.5,1337500.0
5225,632437.5,550000.0
6997,3215557.5,3500000.0
11208,1436350.0,1610000.0
39,746040.0,730000.0
3780,1667250.0,1950000.0
11234,1655167.5,1860000.0
7605,868730.0,981000.0
7849,1627505.0,2555000.0
5805,593332.5,390000.0
8801,308304.5,310000.0
9511,2727130.0,1350000.0
6423,749917.5,765000.0
5218,389563.33333333326,300000.0
3763,738300.0,770000.0
3132,1498965.0,956000.0
8584,709027.5,995000.0
5365,1632650.0,2640000.0
13234,919127.5,902000.0
11731,627255.0,650000.0
4741,1028780.0,1060000.0
3485,932717.5,700000.0
620,1599858.095238095,1388800.0
13542,917492.5,965000.0
4999,1034073.5,860000.0
11726,476475.0,447000.0
4596,719096.225,750000.0
2873,735682.5,550000.0
14,404679.8333333334,441000.0
10991,838435.08,615000.0
581,1537405.0,1500000.0
1090,1169612.5,1102000.0
12507,2000725.0,2200000.0
1467,983948.0,880000.0
192,697707.5,623000.0
3055,1565750.0,1460000.0
10474,836241.6666666665,550000.0
3789,1921932.5,2415000.0
6502,1552767.5,1575000.0
9967,1107632.5,620000.0
10756,978151.0,1095000.0
4761,1095402.0,875000.0
8785,845778.5,875000.0
11703,1436182.5,1515000.0
7848,1483608.75,1625000.0
7541,1580299.0,1726000.0
5606,413272.5,409000.0
3386,1882077.5,1470000.0
9335,1522282.5,1780000.0
11250,609545.0,729000.0
536,696437.5,760000.0
5895,1186790.0,1194000.0
13048,1474795.0,1412000.0
11766,548640.0,550000.0
3885,607595.0,2412000.0
5505,972642.4999999999,1080000.0
8893,1513455.0,1385000.0
4721,1037958.75,795000.0
5601,517189.5714285714,510000.0
5771,633659.5833333334,495000.0
9468,1343912.76,1580000.0
7761,1083782.5,1005000.0
1540,1453760.0,1540000.0
1085,3165523.76,2800000.0
1994,1158895.0,990000.0
3042,1575092.5,1682000.0
12540,1805492.5,1950000.0
10821,853637.5952380953,802000.0
5941,721191.5,725000.0
12109,1190580.0,725000.0
12976,1430685.0,1017500.0
4301,1064515.0,800000.0
10362,389917.5,400000.0
13579,1138837.5,1285000.0
12562,1018863.0,1237000.0
2192,1361952.5,1362000.0
10115,759219.5,725000.0
3689,681592.5,620000.0
3367,1686515.0,1300000.0
4250,862155.0,1115000.0
11060,844295.0,560000.0
11858,444070.0,452000.0
7563,2151697.2,2000000.0
4436,1217425.0,926000.0
9155,761552.5,805000.0
13385,1364580.0,1340000.0
3494,705202.5,601200.0
8541,1181555.0,970000.0
7301,648850.0,760000.0
9537,923645.0,1018000.0
2406,1180677.5,770000.0
10570,978587.5,1030000.0
9764,990199.0,855000.0
1624,1677152.5,700000.0
294,845807.5,1053000.0
7244,828562.5,756000.0
11973,607249.04,500000.0
4795,1456760.0,2100000.0
8580,1610867.5,1680000.0
6549,1661949.1666666665,1860000.0
7990,480685.0,613000.0
3992,444162.5,375000.0
6783,391265.0,370000.0
12102,577860.275,582000.0
9064,1135517.5,1105000.0
2421,1692977.5,1870000.0
12491,420845.0,375000.0
2531,1518665.0,1481000.0
6665,944972.5,1050000.0
13330,407550.0,401000.0
2709,436257.98,370000.0
9099,573140.05,850000.0
13005,930317.5,650000.0
12849,414437.0,436000.0
10122,1700535.0,1590000.0
808,1262204.235,1210000.0
7071,528118.0,485000.0
6632,457553.72,650000.0
10121,2030617.5,1940000.0
5111,772346.25,644000.0
10651,670676.0,630000.0
6461,749235.17,632000.0
1414,998960.0,1330000.0
9221,1737362.5,2265000.0
5063,971630.0,1030000.0
6746,1054590.0,726000.0
1495,793887.5,812500.0
2617,413895.5,365000.0
12841,1020397.5,950000.0
11015,1475012.1428571427,1500000.0
8184,1051657.5,1306000.0
11627,1077518.47,1138000.0
10243,2214390.0,1970000.0
12940,2079585.0,1500000.0
11700,560572.5,520000.0
13334,1001845.16,975500.0
220,532187.0,292000.0
9332,692647.5,590000.0
12702,775302.5,858000.0
9544,817767.5,855000.0
4956,1015475.0,1080000.0
4324,768007.5,773000.0
11556,1136297.5,1190000.0
8712,1375742.5,1750000.0
1275,1431295.0,1450000.0
5211,825830.0,810000.0
201,688581.5,708000.0
7346,1363832.0,855000.0
3017,2106500.0,2140000.0
5189,645377.5,475000.0
11331,586579.5,560000.0
10308,675907.5,730000.0
4136,402835.0,470000.0
2999,751604.44,550000.0
8001,1054077.5,990000.0
10055,1040045.0,883000.0
7448,1823662.5,1975000.0
9512,1577890.0,1460000.0
3978,803302.5,780000.0
11262,490291.88666666666,500000.0
12573,1184035.0,1341500.0
3943,853882.5,820000.0
4688,486410.0,525500.0
6909,544675.0,553500.0
190,965470.0,1405000.0
5502,932532.5,875000.0
13096,2579080.0,3000000.0
733,1317682.5,1200000.0
9138,644542.5,540000.0
7044,612668.0,595000.0
12948,577462.5,632000.0
8308,543656.675,652000.0
10674,715886.5,749000.0
3775,2861035.0,2300000.0
1402,415447.5,380000.0
7091,709841.08,731000.0
3344,464495.0,648000.0
8995,510507.22,507000.0
12818,857510.0,515000.0
9369,673107.5,490000.0
11727,950053.49,900000.0
8875,441016.25,460000.0
5136,415075.0,440000.0
1145,420278.75,671000.0
13218,1548692.5,1350000.0
42,669540.0,700000.0
2162,1026646.5,985000.0
6125,952447.5,736000.0
9981,1080715.0,1220000.0
9403,1327435.1,1550000.0
12129,1288575.0,1350000.0
10866,800687.5,510000.0
5329,1260286.5,1115000.0
11713,955922.5,880000.0
6474,463567.3333333334,550000.0
487,784047.5,863000.0
12627,427659.0,420000.0
5938,758660.0,657500.0
8548,1066880.0,950000.0
12942,583357.5,640000.0
8038,2139100.0,1965000.0
11765,515275.0,510000.0
12367,1148402.5,1100000.0
2915,593332.5,230000.0
7803,998115.0,1400000.0
8077,1267130.0,1620000.0
4654,849480.0,750000.0
6204,1208935.0,1500000.0
10546,756090.0,575000.0
12557,3079625.0,6400000.0
10778,620399.5,676000.0
4111,414140.0,440000.0
3923,1139638.1666666667,1150000.0
338,962982.5,1010000.0
12159,934377.5,980000.0
3673,2313030.0,2600000.0
2228,1898095.0,2600000.0
2076,921710.0,750000.0
6803,985190.0,1325000.0
2052,1114195.0,1050000.0
5426,1125035.0,1150000.0
9770,1830890.0,1800000.0
10166,344049.16666666674,263100.0
5894,1048127.5,1635000.0
4944,501851.25,530000.0
12559,627012.5,710000.0
3515,661440.625,650000.0
3269,557865.0,510000.0
3147,1957707.5,1741000.0
4866,1516225.0,1255000.0
11794,580667.25,601000.0
5034,398485.0,336000.0
7818,742775.0,707000.0
13051,793092.25,782500.0
3851,2781917.5,2800000.0
6503,715901.7916666665,830000.0
1573,2007837.5,2325000.0
1593,2416695.0,1400000.0
12115,1074164.5,1250000.0
6859,1079110.0,1935000.0
12069,717842.0,670000.0
8481,582046.25,677500.0
11610,1369767.5,1260000.0
11281,748116.0,650000.0
1466,1363607.5,1336000.0
13194,871582.585,785000.0
13531,2125390.0,1800000.0
6736,1294057.5,1150000.0
369,782372.5,925000.0
1376,1477835.0,1410000.0
4070,2118635.0000000005,2400000.0
4683,585273.0,600000.0
11010,606467.5,552000.0
10639,594333.0,557000.0
8771,947305.0,950000.0
2070,583955.0,570000.0
6907,755056.5,783000.0
7184,315372.66666666674,260000.0
5341,1479684.1666666665,1820000.0
11818,1957795.0,2225000.0
5062,907580.0,998000.0
13344,1832102.5,2550000.0
3125,538085.0,806000.0
6934,642685.0,643000.0
1242,818200.0,903000.0
4019,677122.9166666667,702000.0
6409,991542.0,910000.0
10632,868121.935,760000.0
12173,712585.0,695000.0
6193,1110812.5,1201000.0
2995,513446.38,542500.0
13293,657637.5,645000.0
10979,721087.5,730000.0
11842,742598.0,715500.0
989,1708649.0,1661000.0
7588,2088164.44,1900000.0
2606,1437900.0,1300000.0
8287,705828.75,725000.0
1556,1584950.0,1615000.0
8764,760445.75,816000.0
1665,1469332.5,1800000.0
9602,700762.7666666666,730000.0
9415,2815910.0,3050000.0
7809,1200200.0,1131000.0
10272,585365.0,617000.0
3849,1579932.5,1555000.0
11180,1024432.255,1200000.0
5226,418407.5,477000.0
8243,1260335.0,1305000.0
13269,861390.0,820000.0
2940,479974.175,442000.0
7534,1205134.0,959000.0
2754,1584602.5,1500000.0
8835,612542.5,650000.0
9090,620057.5,350000.0
1501,921195.0,833000.0
12468,1996698.75,1250500.0
8457,564040.0000000001,716000.0
1570,1495772.0833333335,1300000.0
10374,694687.5,520000.0
9980,1010657.5,1230000.0
2247,551008.75,500000.0
10676,305780.0,330000.0
8557,727793.5,510000.0
4527,476211.25,475000.0
6080,588790.5,690000.0
13570,1097151.75,970000.0
5292,1474390.0,1555000.0
9419,1974515.0,2050000.0
5160,673081.25,1700000.0
124,2950487.5,2840000.0
3460,643775.0,695000.0
8590,910683.325,810000.0
4800,2266175.0,2160000.0
10665,689505.5,664000.0
1194,1994070.0,2500000.0
10504,1083235.0,1085000.0
5118,370240.0,452000.0
3358,853440.0,962000.0
9115,542735.0,667000.0
12194,540996.25,686000.0
2284,1064944.6666666667,1238000.0
11115,1175222.5,940000.0
11972,1346130.0,1460000.0
8162,612050.0,420000.0
9442,814932.5,725000.0
9182,1237962.5,970000.0
1662,1245662.5,1843000.0
10512,653280.0,600000.0
4942,715599.9999999999,815000.0
9229,922367.5,815000.0
1656,2782665.0,3550000.0
4003,770307.5,675000.0
613,2175205.0,1480000.0
7519,1355602.5,1860000.0
7394,949028.425,931999.0
6005,620360.0,591500.0
10276,1155562.5,990000.0
1167,724717.55,700000.0
8517,459503.75,490000.0
9875,1311997.5,1390000.0
6248,1611337.5,1509000.0
11302,276770.0,275000.0
788,846905.0,760000.0
9245,763406.0,730000.0
12275,626805.0,632000.0
3771,992400.0,905000.0
5091,742790.0,650000.0
12311,686328.7033333335,670000.0
9729,458400.0,422500.0
3459,807090.0,825000.0
10326,712154.25,802500.0
5923,1112845.5,1285000.0
10170,677888.5,714000.0
7567,2583145.785,2415000.0
7917,555525.0,720000.0
11650,759373.0,816000.0
8681,1439002.5,840000.0
2916,788128.24,607000.0
9934,381410.0,395000.0
10020,490787.5,630000.0
11729,1058450.0,1005000.0
528,606265.1666666667,500000.0
9134,614300.0,480000.0
8094,409350.0,439000.0
8023,699750.0,738000.0
7199,322441.49404761905,296000.0
4770,727743.75,720000.0
958,1187628.47,1015000.0
7705,313212.5,285000.0
13519,1148912.0,1260000.0
12789,1349605.0,1200000.0
10630,644744.08,670000.0
6920,635035.105,752500.0
9627,651484.25,455000.0
1585,740697.0,620000.0
13015,1920892.5,2118000.0
10171,774935.0,880000.0
11125,1485268.333333333,1225000.0
2272,795205.0,550000.0
12290,613280.0,557500.0
6184,1374515.0,1205000.0
10898,2398460.0,1750000.0
10035,1035310.0,1085000.0
90,1903667.5,1800000.0
9202,682701.0,580000.0
8776,1077151.94,922000.0
11114,1092747.5,1200000.0
13276,799760.37,785000.0
11645,846578.0,710000.0
8881,759035.0,655000.0
238,2068712.5,1586000.0
12495,866062.42,820000.0
3050,791057.5,786000.0
7864,940980.0,917000.0
3427,488482.5,545000.0
11296,754357.5,631000.0
5728,758735.0,455000.0
8242,1402260.0,1251000.0
522,584574.3333333335,605000.0
1106,892145.0,756000.0
6419,1024680.0,1102500.0
10776,645152.5,620000.0
11755,524135.0,445000.0
8586,759400.1,500000.0
3496,736690.0,680000.0
1351,852770.0,800000.0
13318,1061505.0,1202000.0
6389,1362890.0,1210000.0
13060,2067790.0,2567500.0
2686,427941.8266666667,420000.0
2923,772860.0,710000.0
1530,1336565.0,1070500.0
1941,874297.5,825000.0
2875,1021135.0,980000.0
12484,1487262.5,1600000.0
5964,662237.5,590000.0
8860,224700.0,210000.0
5044,803120.0,931000.0
4624,793212.5,815000.0
4583,745321.25,1265000.0
10560,1278812.0,1367000.0
13197,2523965.0,2500000.0
3016,2743815.0,3250000.0
6113,2226757.5,2200000.0
2445,1814835.8333333335,2355000.0
9430,875842.5,950000.0
11562,533392.5,454000.0
144,787840.0,1120000.0
7710,498497.5,603000.0
6526,1065682.5,1000000.0
2473,617947.5,370000.0
9344,750528.5,790500.0
1842,1611460.0,1774500.0
1678,719400.0,800000.0
9001,1597527.5,1380000.0
5375,1147475.2,1430000.0
5864,2120815.0,1950000.0
2841,1567282.5,1500000.0
13177,1646062.5,1730000.0
1098,2691091.38,2400000.0
9493,784343.0,862000.0
8370,699538.7142857143,485000.0
8691,618383.0,546000.0
4313,1172917.5,850000.0
8972,1305123.28,2070000.0
13140,335792.5,381000.0
1237,1522387.44,1100000.0
4174,1273879.44,1300000.0
2791,1589252.5,1456000.0
2860,1556552.5,1310000.0
5254,768280.0,705000.0
1892,912550.4166666665,1226000.0
8112,1562309.44,1656000.0
1328,978240.0,1015000.0
10822,784820.0,1016000.0
8432,720332.5,571000.0
10824,605432.5,631000.0
9947,1930112.5,1690000.0
9901,996950.0,925000.0
10394,396015.0,295000.0
8654,1140462.5,1321000.0
11252,1260256.08,1157000.0
4981,772863.3333333333,850000.0
11927,2511940.0,2400000.0
1252,625641.25,563000.0
6342,1676392.5,1635000.0
8981,1086285.5,1015000.0
6789,1321157.5,1125000.0
10303,751933.19,650000.0
8223,494547.5,520000.0
7537,696687.5,780000.0
1568,581115.6749999999,430000.0
7852,933045.0,1100000.0
4025,1545660.0,1630000.0
2483,467555.0,340000.0
12402,1066826.25,1280000.0
8946,1261011.3095238095,1160000.0
5566,468211.5,480000.0
1088,888987.5,1100000.0
3245,877143.25,909000.0
11577,1915085.0,1450000.0
12192,1248059.995,1310000.0
9479,1001295.0,1237000.0
9083,748895.0,620000.0
8042,960841.25,736000.0
9170,609502.5,680000.0
2335,729662.5,526000.0
13021,1725580.0,1800000.0
11206,3164825.0,1600000.0
7351,519302.5,327000.0
8545,875619.0,872500.0
3714,812881.6666666665,1290000.0
7645,1246250.0,1200000.0
8227,795160.0,770000.0
10067,629902.5,632500.0
13076,1156835.0,990000.0
11930,1658837.5,682000.0
2238,1167585.0,1500000.0
2305,645155.0,525500.0
8014,1712850.0,1740000.0
13564,678514.0,540000.0
8985,863530.0,845000.0
10859,847956.5,778000.0
5122,483457.5,380000.0
2619,413895.5,425000.0
13265,1795595.0,1725000.0
12177,656352.5,585000.0
13405,1011674.995,1188000.0
11827,532392.5,520000.0
1989,1056680.0,725000.0
2263,704790.0,599999.0
5252,739079.44,680000.0
382,1645747.5,1710000.0
4861,1190277.5,1582000.0
247,419177.5,390000.0
5970,661820.0,551000.0
3429,702841.5,751000.0
10063,1395068.5,1450000.0
6422,549945.0,546000.0
2054,1061521.94,935000.0
13050,2299799.1666666665,1400000.0
13324,819352.5,840000.0
799,1353711.94,1960000.0
5710,776175.8333333333,826000.0
3051,1144305.0,742000.0
180,1093845.0,1500000.0
2206,1433635.0,1601000.0
12186,941207.5,891000.0
5303,627012.5,512000.0
5278,659259.5833333333,635000.0
13129,858740.0,522000.0
8066,1531705.94,1380000.0
1218,1692432.5,1800000.0
3634,2332530.0,1800000.0
9011,1183435.8333333333,1500000.0
6611,861180.0,602500.0
11682,519250.5,519500.0
9397,732851.0,670000.0
8606,2093890.0,2275000.0
9506,995952.5,850000.0
12924,962470.0,1234000.0
9887,662004.0,653000.0
4254,849787.5,801000.0
7082,573715.0,600000.0
10252,613140.0,500000.0
7933,840710.0,840000.0
580,2582845.0,3900000.0
13503,1769331.38,1840000.0
9562,463527.5,422000.0
12457,1345225.0,980000.0
7749,475554.1666666666,677776.0
5822,467985.0,330000.0
7955,1385757.5,1264000.0
9301,548729.5,642500.0
8582,1538518.5,1520000.0
7025,847977.5,701000.0
347,474000.0,390000.0
7070,1966070.0,2200000.0
10607,1128229.0,1150000.0
11619,1237542.5,1400000.0
13574,517636.25,582000.0
4604,1030865.0,1465000.0
8226,1020810.0,958000.0
3447,946905.0,650000.0
3180,1543357.5,1780000.0
8749,513715.0,518500.0
8704,908247.5,1060000.0
3023,2273060.0,1686500.0
6163,657285.0,620000.0
2569,822283.5,1054000.0
9685,1215397.5,1355000.0
5071,865577.5,1015000.0
5804,429410.0,475000.0
377,1702580.0,1100000.0
11581,811357.5,665000.0
4977,744440.0,780000.0
13516,1612105.0,1700000.0
4628,721697.0,775000.0
11544,666313.75,380000.0
7089,792285.0,980000.0
12868,1171934.985,1060000.0
7642,1205172.5,1270000.0
7328,694802.5,600000.0
7667,1074382.5,813000.0
2898,423133.75,250000.0
7947,1401330.0,1620000.0
12036,1124150.0,1200000.0
3697,2280705.0,1830000.0
8240,729395.5555555556,600000.0
12555,924500.0,875000.0
10781,1256297.5,1365000.0
6169,1841825.5,1518000.0
1003,2381630.0,1170000.0
4993,843812.5,1040000.0
9765,1407170.0,1210000.0
7700,1731112.5,1300000.0
32,1242545.0,1290000.0
4897,566170.9,942000.0
7943,1416100.0,1800000.0
10843,1505903.5,1635000.0
11362,770255.5,878000.0
3341,1497820.0,1337000.0
12996,1196030.05,1700000.0
7279,901897.5,820000.0
8132,876245.0,975000.0
3638,2478222.5,2625000.0
11411,813167.0,575000.0
12264,1045660.0,926000.0
1364,1153045.0,1790000.0
1072,708717.5,620000.0
12284,1398415.0,1620000.0
11018,446672.5,515000.0
10564,1144197.5,1190000.0
2669,351979.1666666666,375000.0
10347,529357.0,492000.0
655,2072740.0,1550000.0
6087,764293.0,555000.0
1139,2957664.76,3050000.0
9101,706945.0,700000.0
9634,1717908.5,1850000.0
9656,1100770.0,1300000.0
4919,1008440.0,916000.0
12325,688212.5,780000.0
13414,1195232.5,1240000.0
233,1321380.8333333333,3625000.0
50,477527.5,530000.0
11364,414156.83333333326,395000.0
12926,1602682.5,1000000.0
5879,386557.5,400000.0
226,391015.0,421500.0
4708,2731185.0,2105000.0
2124,1071560.0,855000.0
8344,1077270.0,1150000.0
944,1236172.5,1040000.0
2278,755147.5,632000.0
13091,1944210.0,2100000.0
10783,907341.5,880000.0
2826,3056592.5,3860000.0
7603,813720.0,830000.0
3355,1663180.0,1680000.0
12438,543105.0,640000.0
9205,1099572.5,990000.0
1832,1220997.5,1470000.0
7348,718008.0,665000.0
7746,765730.0,930000.0
7613,878877.5,884000.0
7755,768234.5,941000.0
12472,690622.7166666666,1250000.0
6543,1990157.083333333,1630000.0
5463,1036790.0,1020000.0
8598,764625.0,687000.0
5416,407272.7023809525,410000.0
8147,875666.25,960000.0
11299,1492896.106666667,1300000.0
13487,622470.0,710000.0
13142,1102300.0,1100000.0
1643,2474714.0,2200000.0
8253,1583520.0,880000.0
6296,417940.0,350000.0
8430,631575.0,700000.0
3368,875045.0,1020000.0
7907,618517.5,643000.0
6022,717104.0,690000.0
10963,1450455.0,1310000.0
242,309595.0,400000.0
9179,3495677.5,5510000.0
1102,820962.5,900000.0
4336,2254873.8333333335,2920000.0
7575,1349315.0,725000.0
5929,713633.5,735000.0
12806,1252642.5,780000.0
2495,577656.25,602000.0
12171,608901.25,475000.0
7664,1449277.5,1385000.0
3965,849390.0,820000.0
555,674520.75,754000.0
5707,386543.33333333343,260800.0
8774,1535148.75,1030000.0
1550,1458406.5,1485000.0
11318,1247150.0,1950000.0
6145,1818618.0,1975000.0
4782,453006.5,455500.0
10528,1761997.5,1785000.0
10259,925845.0,1980000.0
11959,447262.5,390000.0
13434,2298950.0,2690000.0
1750,507007.5,455000.0
5124,496535.0,400000.0
2081,897615.0,1320000.0
10792,744245.3940476193,635000.0
8222,1271205.0,1410000.0
4046,992421.5,1200000.0
9496,941185.0,859000.0
5982,644267.5,570000.0
3861,1494917.5,1135000.0
1611,2341640.0,3400000.0
6404,527226.3283730159,525000.0
10150,1673170.0,1605000.0
13510,1062527.5,710000.0
11316,768917.5,696000.0
10278,381735.8333333334,455000.0
8763,1352180.0,1320000.0
9437,1158325.0,1112000.0
6301,314599.58333333326,383000.0
5150,462707.5,330000.0
148,369468.5,406000.0
3260,812222.5,1060000.0
10735,450542.5,338000.0
11724,714070.5,798000.0
11679,640860.0,645000.0
11851,745397.5,830000.0
8516,589573.75,550000.0
2550,955220.0,800000.0
3618,626820.4166666667,525000.0
1101,3777937.5,2730000.0
7471,1200983.5,1230000.0
11613,767930.015,800000.0
309,758185.0,955000.0
785,729970.0,760000.0
7905,622061.0,730000.0
7673,2380910.0,2110000.0
13567,1291272.5,1316000.0
3824,1617550.0,2355000.0
10591,573020.0,590000.0
915,1186797.5,1150000.0
8269,1005712.5,1020000.0
10329,526375.0833333334,500000.0
6104,510823.5,510000.0
8750,693655.0,692000.0
8350,879537.5,1085000.0
5206,266073.75,220000.0
5770,585140.0,575000.0
6319,1069102.5,1211000.0
12675,2985307.5,2835000.0
1899,985710.0,880000.0
548,585363.5000000001,460000.0
6659,1365503.333333333,1930000.0
10780,999502.0,1175000.0
6023,735602.5,605000.0
9916,2152098.3333333335,2370000.0
12690,1169738.47,1200000.0
140,1886347.5,1950000.0
9391,667933.5,750000.0
2475,482900.0,590000.0
11533,1153025.0,1265000.0
6734,1464335.0,3900000.0
8631,380277.08333333326,425000.0
4892,881576.0,837000.0
6058,593342.5,581000.0
7546,671572.5,925000.0
10085,1151778.235,1180000.0
3852,1703675.0,2305000.0
3779,2148340.0,2025000.0
12425,1533252.5,1525000.0
4700,1327740.0,1100000.0
4425,858587.5,830000.0
12746,1079919.0,1060000.0
1766,337375.0,350000.0
7168,299095.9166666666,250000.0
6221,1130152.5,982000.0
3420,564335.0,740000.0
7956,719313.3333333335,1462000.0
633,2115115.0,1750000.0
12298,780716.0,760000.0
5784,479355.0,465000.0
2828,630400.05,856500.0
10699,804104.0,615888.0
9968,1647350.0,1200000.0
11283,1544331.64,1384000.0
5094,796340.25,635000.0
6137,963105.0,680000.0
11568,844977.5,830000.0
1386,1447215.5,1755000.0
5943,558788.75,460000.0
3899,1037907.5,950000.0
2224,1386980.0,800000.0
4022,1506572.5,1920000.0
6053,748201.0,496000.0
9129,654671.5,750000.0
6710,971847.5,780000.0
7556,1249703.5,2225000.0
10057,662397.5,755000.0
11802,621832.5,580000.0
6608,976842.0,915000.0
1607,646267.55,558000.0
5690,2321874.1666666665,1800000.0
8480,850002.0,952000.0
7342,875265.0,633500.0
6623,732062.5,721000.0
12176,1299575.0,1050000.0
8427,659403.75,515000.0
5893,925598.75,1321000.0
9894,545762.5,512000.0
4636,739680.0,790000.0
8088,2205322.5,2100000.0
10750,712472.5,676000.0
9066,1293290.0,1325000.0
893,828865.0,750000.0
8782,595465.96,572000.0
8723,1993755.0,2345000.0
9518,945695.0,810000.0
9975,1331823.16,1220500.0
2524,716364.8214285714,692000.0
9755,921882.5,940000.0
5962,751835.0,595999.0
11784,812450.0,685000.0
3648,1373640.0,3650000.0
11414,721062.5,795000.0
9109,908637.5,690000.0
12081,467608.75,490000.0
10772,1510020.7,1620000.0
12280,1313100.0,1482000.0
464,863047.5,850000.0
11292,1075139.32,950000.0
2140,1512273.0,1400000.0
3761,1052524.5,1060000.0
7004,1565562.5,1590000.0
4691,870152.5,960000.0
1534,836542.5,752000.0
6260,773687.5,700000.0
2869,537156.5,500000.0
728,1711140.0,2255000.0
3030,2031705.0,1680000.0
5481,742828.75,990000.0
9719,932652.5,1410000.0
3232,687962.5,580000.0
3265,558055.75,400000.0
10628,1526617.5,1297000.0
841,852477.5,860000.0
4629,1042640.0,990000.0
12213,1478114.44,1436000.0
779,1174117.5,1096000.0
4938,1237345.005,1200000.0
13029,729992.5,756000.0
2545,975612.5,660000.0
7104,575240.0,730000.0
4831,1432012.5,590000.0
1685,2444560.0,2520000.0
4840,783790.0,615000.0
9816,1603788.333333333,1268000.0
3256,927532.5,950000.0
1343,473355.0,542000.0
2158,1225537.5,1190000.0
8796,873377.755,805000.0
2301,1635953.75,1625000.0
4142,1344890.0,1111000.0
6967,585585.0,555000.0
4036,1984060.0,2200000.0
4520,664380.0,358500.0
749,1222750.0,1095000.0
9531,479390.275,485000.0
6649,1062535.0,706000.0
12649,1887265.0,1450000.0
12165,477432.25,555000.0
1170,1549575.0,1445000.0
10283,719675.0,740000.0
3157,589972.5,645000.0
2664,492425.32,305000.0
8513,1459972.5,1412000.0
12922,1290805.0,1230000.0
10761,1257100.0,1270000.0
2110,1065710.0,1000000.0
