id,prices predict,real price
0,1666198.333333333,2165000.0
1,870535.1666666665,815000.0
2,617305.0,610000.0
3,1245721.5,1245000.0
4,863098.3333333335,1160000.0
5,1369080.0,1250000.0
6,741335.0,715000.0
7,922555.0,812000.0
8,757653.5,750500.0
9,649155.0,610000.0
10,1461334.44,1210000.0
11,578330.5,451500.0
12,2385647.5,2800000.0
13,1309785.5,1641000.0
14,936265.0,1185000.0
15,615256.25,540000.0
16,1126000.0,2000000.0
17,1443887.5,1861000.0
18,569592.5,600000.0
19,714627.975,841000.0
20,906982.67,1000000.0
21,974698.045,950000.0
22,1730047.5,1925000.0
23,780777.5,794000.0
24,827107.5,700000.0
25,666165.0,655000.0
26,672048.0,650000.0
27,819792.5,670000.0
28,1470102.5,1390000.0
29,885745.0,1100000.0
30,802793.5,800000.0
31,973652.5,970000.0
32,1008682.5,1085000.0
33,867360.0,1250000.0
34,2354905.78,2800000.0
35,989340.0,700000.0
36,589170.0,575000.0
37,1323094.5,1482500.0
38,705150.0,1020000.0
39,1032845.0,985000.0
40,696928.5,522500.0
41,2006635.833333333,2325000.0
42,1022141.54,1830000.0
43,628137.0,670000.0
44,1386505.0,1300000.0
45,1982787.5,1915000.0
46,618811.25,840000.0
47,395545.0,280000.0
48,922779.0,998000.0
49,1142540.0,1700000.0
50,1388543.75,1205000.0
51,536488.75,480000.0
52,2557810.8333333335,2800000.0
53,992502.99,876000.0
54,819853.75,705000.0
55,1401035.0,1585000.0
56,331471.875,350000.0
57,1301787.5,910000.0
58,605407.5,530000.0
59,879382.5,1020000.0
60,597568.0,675000.0
61,1308552.5,1292000.0
62,609030.0,460000.0
63,1752330.94,1605000.0
64,786027.5,725000.0
65,1072495.5,992000.0
66,2169840.0,2515000.0
67,1210385.0,1590000.0
68,945447.5,776000.0
69,497944.25,450000.0
70,1098768.75,990000.0
71,648100.5,601000.0
72,1279972.5,975000.0
73,945412.5,1011000.0
74,1298651.6766666668,600000.0
75,1031025.01,935000.0
76,1296815.0,1630000.0
77,3752179.44,4400000.0
78,1116429.235,1216000.0
79,900912.5,1010000.0
80,549916.0,380000.0
81,923503.5,860000.0
82,1443407.5,1560000.0
83,659230.0,1240000.0
84,462844.0,370000.0
85,2472470.0,2075000.0
86,517679.0,445000.0
87,1375854.8214285716,1250000.0
88,1133460.0,1480000.0
89,1737952.5,2300000.0
90,1637085.0,1475000.0
91,1347636.0,1262000.0
92,1358880.0,1430000.0
93,2679287.5,2450000.0
94,441125.5,470000.0
95,1145087.5,1410000.0
96,481160.0,432000.0
97,2368432.5,2258000.0
98,618340.0,700000.0
99,813620.0,615000.0
100,397747.5,360000.0
101,737410.0,710000.0
102,697330.0,770000.0
103,1664885.0,1900000.0
104,1010287.5,981000.0
105,534795.75,470000.0
106,1841346.25,2285000.0
107,492672.5,503000.0
108,1335842.5,1328000.0
109,759002.5,790000.0
110,1148450.0,1780000.0
111,442397.5,400000.0
112,1412012.5,1550000.0
113,1072786.735,990000.0
114,896422.5,911000.0
115,1281710.0,2330000.0
116,2216653.88,1750000.0
117,806812.5,1360000.0
118,1255900.0,1346000.0
119,635496.0,790000.0
120,1347235.05,1325000.0
121,929030.0,1054000.0
122,616758.75,570000.0
123,607675.9761904762,571750.0
124,749364.5,600000.0
125,1472997.833333333,1300000.0
126,384239.0,335000.0
127,418848.33333333326,400000.0
128,2103741.6666666665,3778000.0
129,1461187.6,1500000.0
130,806740.04,780000.0
131,493829.66666666674,320000.0
132,1240323.0,1208000.0
133,1217520.0,1055000.0
134,1682155.0,1450000.0
135,472792.5,480000.0
136,2240920.0,2444000.0
137,557612.5,570000.0
138,1099302.5,1470000.0
139,1341691.94,1530000.0
140,689987.5,770000.0
141,1349300.0,1420000.0
142,1361637.5,1391000.0
143,1742177.5,1800000.0
144,656873.75,611000.0
145,797770.0,1005000.0
146,1385681.5,1410000.0
147,1658305.0,2000000.0
148,1153735.5,1120000.0
149,570547.5,845000.0
150,639399.05,625000.0
151,594348.75,672000.0
152,1698365.0,1960000.0
153,649020.0,447000.0
154,626305.0,625000.0
155,1362585.0,1258000.0
156,529360.0,690000.0
157,586472.5,580000.0
158,638347.5,763000.0
159,1104663.5,1000000.0
160,945444.995,900000.0
161,1443362.5,1810000.0
162,533510.0,541000.0
163,672432.5,600000.0
164,1843246.785,1450000.0
165,346705.0,290000.0
166,906155.0,950000.0
167,988410.0,840000.0
168,1563175.833333333,1640000.0
169,483547.5,500000.0
170,919685.45,837000.0
171,1485322.5,1495000.0
172,1203670.0,1055000.0
173,649030.0,565000.0
174,774991.13,610000.0
175,2535825.0,1950000.0
176,829075.0,668000.0
177,1260932.5,1300000.0
178,993395.0,810000.0
179,940021.5,875000.0
180,1483885.2733333332,1515000.0
181,1314660.0,1315000.0
182,1222678.3333333333,1090000.0
183,710405.0,771000.0
184,576468.75,710000.0
185,1062598.3333333333,930000.0
186,783975.0,670000.0
187,1112475.0,1003500.0
188,1914465.785,2300000.0
189,1835712.5,1680000.0
190,979922.325,1050000.0
191,661561.5,597000.0
192,1097309.3316666665,1260000.0
193,1935846.57,1910000.0
194,477938.5,455000.0
195,2450702.5,1572000.0
196,884902.5,842000.0
197,1001157.5,1050000.0
198,476707.5,475000.0
199,1273691.0,1435000.0
200,1156758.125,1494000.0
201,657140.0,590000.0
202,714004.0,715000.0
203,1244477.5,1055000.0
204,1244066.25,2585000.0
205,897955.0,841000.0
206,921692.5,1100500.0
207,2664095.0,3280000.0
208,2652825.0,2265000.0
209,1212120.0,860000.0
210,437440.5,490000.0
211,1427819.0,1210000.0
212,1501168.34,1790000.0
213,519106.0,430000.0
214,731752.5,650000.0
215,669830.0,830000.0
216,2597345.0,1805000.0
217,891530.0,1171000.0
218,767222.5,692500.0
219,689827.5,667000.0
220,795257.5,780000.0
221,645791.5,656000.0
222,851830.0,802000.0
223,704005.0,778500.0
224,1640187.5,1750000.0
225,913395.5,861000.0
226,473522.5,474000.0
227,1396698.0,1480000.0
228,999484.995,1217500.0
229,772997.5,765500.0
230,985173.0,923000.0
231,1520922.5,720000.0
232,1747508.3333333335,1480000.0
233,744292.5,740000.0
234,374051.9166666666,340000.0
235,1086210.0,1023000.0
236,781385.0,570000.0
237,2522540.0,3450000.0
238,485935.0,387000.0
239,1270151.0,1050000.0
240,984080.0,1500000.0
241,450445.0,365000.0
242,591458.2,540000.0
243,512007.5,687000.0
244,2086595.0,1950000.0
245,1952767.5,1320000.0
246,349122.5,272500.0
247,900588.245,920250.0
248,659648.75,615000.0
249,2041010.0,1760000.0
250,966315.0,855000.0
251,1688940.0,1540000.0
252,1101340.0,1248500.0
253,724025.0,753000.0
254,1029636.87,1025000.0
255,610675.0,625000.0
256,971163.75,920000.0
257,1200752.5,1440000.0
258,1135592.5,918000.0
259,501740.0,400000.0
260,997310.0,1214000.0
261,1049495.0,993000.0
262,824555.0,650000.0
263,973076.6666666667,1030000.0
264,746138.5,550000.0
265,1458707.5,1545000.0
266,1701760.0,1710000.0
267,935640.0,1000000.0
268,1478282.5,1420000.0
269,463797.5,450000.0
270,750043.9880952382,965000.0
271,534950.0,518000.0
272,988577.5,801000.0
273,1114975.0,1100000.0
274,838201.25,1017500.0
275,709487.5,735000.0
276,822235.45,801000.0
277,865987.75,740000.0
278,416671.5,450000.0
279,1430395.0,1510000.0
280,646615.0,710000.0
281,1391090.0,1600000.0
282,1008010.0,1300000.0
283,1133519.5,1065000.0
284,924112.5,1271000.0
285,2082487.5,2588000.0
286,1353820.0,1550000.0
287,703722.5,680000.0
288,760422.35,430000.0
289,1144960.0,1053000.0
290,986009.165,1120000.0
291,1308807.5,1370000.0
292,965412.5,758000.0
293,468295.0,395000.0
294,1422070.0,1506000.0
295,1491025.0,1330000.0
296,500623.75,490000.0
297,617411.0,794000.0
298,1144483.75,1205000.0
299,3636495.0,4700000.0
300,617217.0,580000.0
301,729852.605,570500.0
302,1604372.5,1910000.0
303,2031400.0,2250000.0
304,765452.5,877500.0
305,1233830.85,1000000.0
306,682957.5,830000.0
307,537293.0,522000.0
308,1607542.0,1500000.0
309,755322.5,635000.0
310,871332.5,745000.0
311,1114492.5,1125000.0
312,876204.0,1240000.0
313,1072684.5,850000.0
314,1035585.0,950000.0
315,1698837.5,1430000.0
316,1280350.0,1475000.0
317,2008752.5,2000000.0
318,845612.5,752500.0
319,1296667.5,1537000.0
320,798623.0,880000.0
321,1688187.5,1555000.0
322,541738.05,655250.0
323,387650.41666666674,435000.0
324,1131237.5,930000.0
325,484954.5,360000.0
326,1274157.5,1440000.0
327,976232.5,980000.0
328,461782.0,453350.0
329,533372.5,450000.0
330,1077232.5,1080000.0
331,3130970.0,3110000.0
332,391859.99999999994,500000.0
333,1792425.0,2000000.0
334,602385.0,599000.0
335,546570.99,500000.0
336,1249912.5,1520000.0
337,664645.0,735000.0
338,2181130.0,2170000.0
339,656662.5,640000.0
340,1810240.0,1650000.0
341,800832.415,585000.0
342,1180192.5,1350000.0
343,802885.0,770000.0
344,826735.0,866000.0
345,1010760.0,930000.0
346,966667.5,865000.0
347,860670.0,627000.0
348,968463.335,1250000.0
349,2458040.0,2810000.0
350,754233.5,800000.0
351,990442.5,1070000.0
352,1665020.785,1400000.0
353,670693.0,560000.0
354,1087572.5,1240000.0
355,1509665.0,1715000.0
356,1052092.5,980000.0
357,1706917.5,1650000.0
358,858057.5,910000.0
359,792651.0,855000.0
360,704751.085,640000.0
361,1231837.5,1510000.0
362,1086575.8333333335,950000.0
363,869435.0,922000.0
364,748220.0,732500.0
365,1881488.333333333,2905000.0
366,674442.5,645000.0
367,1342460.0,1270000.0
368,1061335.0,690000.0
369,752222.5,650000.0
370,764770.0,640000.0
371,1065792.5,1100000.0
372,955292.5,880000.0
373,675049.005,725000.0
374,1096387.5,1072000.0
375,1652010.0,1720000.0
376,1213607.5,1450000.0
377,776025.0,492000.0
378,524589.22,500000.0
379,1761245.0,1875000.0
380,1441680.0,1650000.0
381,845340.0,790000.0
382,975063.055,340000.0
383,525370.25,525000.0
384,1547490.0,1676000.0
385,2103515.0,1900000.0
386,676606.135,680000.0
387,1560090.0,1635000.0
388,1059730.0,961000.0
389,516535.6666666666,577000.0
390,880245.0,811000.0
391,1675812.5,1875000.0
392,1192612.5,960000.0
393,1327160.0,1210000.0
394,1664022.5,1500000.0
395,443365.25,380000.0
396,1232067.5,1250000.0
397,951270.0,906000.0
398,875895.17,860500.0
399,739693.0,752000.0
400,764091.25,916000.0
401,910922.9166666667,780000.0
402,3970577.5,2950000.0
403,1171116.94,1214000.0
404,2027778.44,1710000.0
405,1505240.0,1510000.0
406,1977248.285,2440000.0
407,572585.0,822000.0
408,530048.3333333334,503000.0
409,759003.75,637000.0
410,488850.0,504000.0
411,1078267.5,855000.0
412,733907.5,690000.0
413,830477.5,703000.0
414,1113252.5,1030000.0
415,611212.5,567000.0
416,1015645.0,800000.0
417,788620.0,640000.0
418,831127.0,760000.0
419,881537.5,861000.0
420,927872.5,681000.0
421,959552.755,881100.0
422,1516877.22,1331000.0
423,1865195.5,1100000.0
424,1169765.0,1035000.0
425,635700.0,598000.0
426,535358.75,488000.0
427,1261960.0,1221000.0
428,710972.5,800000.0
429,1449991.25,1072000.0
430,463526.25,373000.0
431,453217.75,515000.0
432,502220.8333333334,571000.0
433,672180.0,657000.0
434,750407.5,750000.0
435,789812.5,770000.0
436,989557.5,790000.0
437,1984030.0,1700000.0
438,972192.5,840000.0
439,1075475.0,1090000.0
440,841520.0,870000.0
441,1657743.0,1460000.0
442,838362.5,602500.0
443,1080362.5,1075000.0
444,1142995.0,1165000.0
445,1994520.0,1305000.0
446,908165.0,690000.0
447,1263167.5,1065000.0
448,1115952.0833333333,575000.0
449,1762585.5,1350000.0
450,958120.0,940500.0
451,2050340.0,1820000.0
452,823337.5,890000.0
453,1524177.5,2210000.0
454,1153775.5,962000.0
455,630711.1,605000.0
456,522210.0,431000.0
457,1139913.735,753000.0
458,1267357.5,1200000.0
459,1928522.5,1908000.0
460,2118647.5,1819000.0
461,2090145.0,3300000.0
462,1180355.0,1140000.0
463,642112.5,705000.0
464,1040413.0,1218500.0
465,749947.5,670000.0
466,1015678.125,935000.0
467,2935735.48,4050000.0
468,1015067.5,760000.0
469,686760.0,737500.0
470,965822.5,1148000.0
471,2170955.0,1880000.0
472,590640.75,585000.0
473,395197.5,680000.0
474,1241280.0,1507000.0
475,939515.0,995000.0
476,1291965.0,1140000.0
477,1151412.5,780000.0
478,616548.0,580000.0
479,279595.0,210000.0
480,900780.0,800000.0
481,538935.0,598000.0
482,656303.0,700000.0
483,1204527.5,1420000.0
484,1772920.0,1320000.0
485,1128340.0,1430000.0
486,615236.5,495000.0
487,861285.37,918000.0
488,1329880.0,1290000.0
489,614028.44,420000.0
490,2705507.5,2215000.0
491,705832.5,766000.0
492,1365250.0,990000.0
493,1321787.5,1050000.0
494,706522.775,1100000.0
495,732509.0,551000.0
496,765641.25,770000.0
497,932007.5,907800.0
498,821257.0,767000.0
499,2298425.0,1617000.0
500,1167330.0,1202000.0
501,1542511.14,1320000.0
502,917910.0,800000.0
503,530881.75,410000.0
504,1276357.5,1617000.0
505,733170.0,670000.0
506,575607.5,560000.0
507,1188237.5,1000000.0
508,811930.0,545000.0
509,578050.0,380000.0
510,852627.5,731000.0
511,1358475.0,1200000.0
512,1622417.5,1831000.0
513,1428425.0,994000.0
514,1569972.5,1667000.0
515,747462.0,830000.0
516,530406.25,555000.0
517,2003085.0,1950000.0
518,1266515.0,1375000.0
519,742474.0,920000.0
520,1476555.0,1500000.0
521,737924.5,810000.0
522,723097.5,715000.0
523,2198455.0,2260000.0
524,1233606.5,2185000.0
525,740462.0,655000.0
526,1399997.5,641500.0
527,354875.83333333326,485000.0
528,837277.5,690500.0
529,592313.75,582000.0
530,1188247.5,1285000.0
531,1864195.0,2520000.0
532,636595.0,300000.0
533,527340.0,405000.0
534,827945.0,970000.0
535,793125.0,975000.0
536,1450593.3333333335,1962000.0
537,1260657.5,1150000.0
538,2516107.5,1800000.0
539,680065.0,479500.0
540,1030506.44,851000.0
541,636032.5,450000.0
542,695720.0,610000.0
543,807735.0,851000.0
544,1346475.0,1220000.0
545,1614296.25,1600000.0
546,561177.5,610000.0
547,390550.0,458000.0
548,1177907.5,1001000.0
549,1107126.5,1255000.0
550,1520897.5,980000.0
551,944135.0,1030000.0
552,821462.5,827500.0
553,1029687.5,1035000.0
554,570840.0,480000.0
555,598210.0,555000.0
556,557527.5,600000.0
557,1056507.5,1400000.0
558,781202.5,730000.0
559,1612205.8333333335,1652000.0
560,966737.5,1025000.0
561,2302705.0,2000000.0
562,426775.0,480000.0
563,722743.3333333333,675000.0
564,989127.0833333333,930000.0
565,1116182.5,900000.0
566,851495.0,1120000.0
567,1325107.5,975000.0
568,745031.6666666667,675000.0
569,822480.0,1350500.0
570,1681290.0,1700000.0
571,500170.75,530000.0
572,816735.0,690000.0
573,873045.0,921000.0
574,1037263.0,955000.0
575,669405.5,705000.0
576,553347.5,496000.0
577,647116.6666666666,831000.0
578,531734.75,500000.0
579,1043018.0,850000.0
580,862635.13,472500.0
581,1291059.0,1100000.0
582,662665.0,770000.0
583,897969.1666666665,1013000.0
584,1534308.75,1212500.0
585,561805.0,450000.0
586,2004030.0,2810000.0
587,901377.5,595000.0
588,606515.45,510000.0
589,910529.995,915000.0
590,1589887.5,1450000.0
591,1065553.3333333335,995000.0
592,860491.615,900000.0
593,505247.5,547000.0
594,1457223.0,1535000.0
595,1754465.94,1580000.0
596,665864.0,793000.0
597,695287.5,770000.0
598,1015505.0,1005000.0
599,623759.5,640000.0
600,471887.5,430000.0
601,1230122.5,1400000.0
602,729681.5,642000.0
603,1913160.0,1910000.0
604,747551.25,740000.0
605,1501832.5,1702000.0
606,404112.5,380000.0
607,1912137.21,2123000.0
608,1330025.5,850000.0
609,1001561.5,750000.0
610,938057.5,890000.0
611,943838.5,850000.0
612,969850.0,800000.0
613,1003700.0,1160000.0
614,736576.5,702000.0
615,1139755.0,1200000.0
616,578666.0,820000.0
617,837377.5,802000.0
618,765287.5,520000.0
619,681464.5,900000.0
620,1136675.0,1250000.0
621,1831975.106666667,1900000.0
622,1153017.5,1100000.0
623,618245.0,610000.0
624,934707.01,1700000.0
625,689255.0,687000.0
626,1976414.1666666665,2050000.0
627,574945.0,570000.0
628,744953.0,880000.0
629,1320381.235,1426000.0
630,1173072.5,1126000.0
631,784305.0,465000.0
632,773440.0,670000.0
633,3031915.0,2000000.0
634,587802.5,575000.0
635,1254535.0,980000.0
636,1392732.5,1460000.0
637,2058687.5,1750000.0
638,3180409.166666666,2350000.0
639,836794.1666666667,735000.0
640,1149720.0,855000.0
641,1082377.5,950000.0
642,946210.0,875500.0
643,695525.0,630000.0
644,901406.0,1040000.0
645,886545.0,1031100.0
646,1688452.5,2920000.0
647,931273.315,575500.0
648,1053740.5,1090000.0
649,791657.5,665000.0
650,356815.0,342000.0
651,1090615.0,1200000.0
652,461635.0,560000.0
653,1448646.94,891000.0
654,891050.0,1085000.0
655,613048.5,775000.0
656,1209542.5,1402500.0
657,1326440.0,1267000.0
658,933887.5,967000.0
659,800840.75,710000.0
660,741693.5714285714,685000.0
661,1609940.0,2710000.0
662,870572.0,815000.0
663,662910.0,792500.0
664,853115.0,720000.0
665,1377407.5,1782800.0
666,3088935.0,2450000.0
667,549930.0,558500.0
668,755292.5,825000.0
669,1051168.0,1080000.0
670,924525.0,805000.0
671,1541992.5,1955000.0
672,1004264.75,1300000.0
673,1492160.05,1515000.0
674,1778132.5,2000000.0
675,882355.0,877500.0
676,1177077.52,1305000.0
677,1666457.5,1050000.0
678,1087438.5,920000.0
679,1525878.0,1910000.0
680,729651.25,802000.0
681,1058425.0,1035000.0
682,1530290.0,1610000.0
683,916467.5,990000.0
684,425515.0,370000.0
685,845230.0,823000.0
686,553405.0,400000.0
687,1935307.44,3275000.0
688,1932168.333333333,2300000.0
689,1209877.5,1130000.0
690,1513606.2,1655000.0
691,429974.25,380000.0
692,1509820.0,1510000.0
693,630958.5,645000.0
694,2874138.0,2500000.0
695,792738.3333333335,682000.0
696,1148790.0,1176000.0
697,494261.82,360000.0
698,943405.8333333333,800000.0
699,1401895.05,1506000.0
700,1070088.995,1105000.0
701,1300687.5,1530000.0
702,914003.0,1700000.0
703,1482160.0,1074000.0
704,677375.0,660000.0
705,1498869.1666666665,1172000.0
706,939512.0,650000.0
707,1062721.495,1100000.0
708,1208102.5,896000.0
709,577117.5,715000.0
710,1277678.8333333333,1375000.0
711,1880905.0,1800000.0
712,730764.0,730000.0
713,2165602.5,1775000.0
714,1077101.0,885000.0
715,1435242.5,1400000.0
716,1755030.0,2116000.0
717,607392.5,520000.0
718,550028.0,620000.0
719,2582235.0,2575000.0
720,318329.1666666667,265000.0
721,1244085.0,1820000.0
722,1255037.5,1126000.0
723,696395.0,650000.0
724,731679.0,841000.0
725,1830465.0,1652500.0
726,1157008.645,930000.0
727,1037250.5,1000000.0
728,492852.5,582000.0
729,800647.5,876000.0
730,766450.0,690000.0
731,679930.0,665000.0
732,1019641.0,740000.0
733,721115.0,675000.0
734,537170.75,560000.0
735,1726722.5,2200000.0
736,2602072.5,4100000.0
737,1229047.5,1500000.0
738,786842.5,745000.0
739,566784.5,545000.0
740,867810.0,895000.0
741,723422.585,745000.0
742,1236822.5,1301000.0
743,866767.5,920000.0
744,1066732.5,1100000.0
745,592262.5,585000.0
746,599712.5,695000.0
747,1932634.44,2000000.0
748,678755.0,545000.0
749,1792097.5,2775000.0
750,569992.5,630000.0
751,469490.0,479000.0
752,358208.75,300000.0
753,938507.5,326500.0
754,1296787.5,1350000.0
755,2106842.5,1960000.0
756,524382.5,593000.0
757,389312.5,430000.0
758,648687.5,770000.0
759,1001282.5,1230000.0
760,708720.0,755000.0
761,789547.5,815000.0
762,819152.5,765000.0
763,981970.0,835000.0
764,1986650.0,2100000.0
765,940672.5,1105000.0
766,650205.75,720000.0
767,506877.0714285714,480000.0
768,866487.5,680000.0
769,872259.5,805000.0
770,1109927.5,970000.0
771,1265307.9761904762,1100000.0
772,887625.0,970000.0
773,541675.0,585000.0
774,737653.0,702000.0
775,1032925.0,1280000.0
776,424520.33333333326,515501.0
777,1491702.5,1395000.0
778,433960.0,465000.0
779,1264444.44,1955000.0
780,352455.0,314000.0
781,653320.0,741000.0
782,911919.6,855000.0
783,855537.5,931000.0
784,819626.94,830000.0
785,758807.5,810000.0
786,903792.5,930000.0
787,955230.0,1630000.0
788,1098603.5,1510000.0
789,973478.5,1080000.0
790,1435670.0,1361000.0
791,657798.0,550000.0
792,431675.0,656000.0
793,958930.0,630000.0
794,2150989.44,1761000.0
795,921420.0,845500.0
796,668060.015,766000.0
797,655401.0,625000.0
798,1457872.5,1275000.0
799,734002.5,700000.0
800,1376732.5,1326000.0
801,813415.0,1300000.0
802,508553.35,511500.0
803,1251055.0,1210000.0
804,1902752.5,1561000.0
805,1384598.0,1200000.0
806,1543845.0,1670000.0
807,627075.0,913000.0
808,1493550.0,1185000.0
809,907305.8333333333,887000.0
810,1468670.0,1760000.0
811,1604865.0,1342000.0
812,1172872.5,1215000.0
813,418717.5,400000.0
814,1608570.0,1610000.0
815,1680835.0,1495000.0
816,571295.0,515500.0
817,929867.5,731000.0
818,1512555.0,1365000.0
819,1052121.25,987000.0
820,890402.5,980000.0
821,954730.0,750000.0
822,414585.0,350000.0
823,535578.5,560000.0
824,702045.04,1015000.0
825,2073075.0,2310000.0
826,592817.5,475000.0
827,435052.5,388000.0
828,656398.75,690000.0
829,896235.0,923000.0
830,1508797.5,1440000.0
831,845497.5,670000.0
832,1686415.0,1390000.0
833,1110262.5,1150000.0
834,1193667.5,1170000.0
835,732770.0,635000.0
836,1050472.5,1110000.0
837,1110227.5,1615000.0
838,1139762.5,1336000.0
839,647390.5,530000.0
840,1140017.5,2100000.0
841,537431.0,557000.0
842,3155627.5,3200000.0
843,989800.0,930000.0
844,3073455.0,1742000.0
845,1249532.5,1680000.0
846,1154340.0,1076000.0
847,1452301.0,1890000.0
848,712445.0,900000.0
849,1094109.0733333332,955000.0
850,1119865.0,835000.0
851,2284385.0,2320000.0
852,801700.0,505000.0
853,726452.0,750000.0
854,1087532.5,1270000.0
855,2989395.0,2855000.0
856,1109367.5,970000.0
857,1502147.5,1300000.0
858,518839.64,410000.0
859,745136.25,610000.0
860,965925.0,1015000.0
861,1291420.0,1670000.0
862,1239195.0,1220000.0
863,1088792.5,1315000.0
864,1851097.5,1931000.0
865,1476890.0,1400000.0
866,1128990.0,1275000.0
867,793693.3333333335,890000.0
868,1054067.5,1265000.0
869,1460477.5,1574000.0
870,2196490.0,3180000.0
871,1448732.5,1400000.0
872,554533.0,560000.0
873,1105418.0952380951,1055000.0
874,575902.5,480000.0
875,1036792.5,830000.0
876,707132.0,850000.0
877,1642337.5,1730000.0
878,598232.5,420000.0
879,727173.75,746000.0
880,1396727.5,3520000.0
881,458812.5,545000.0
882,2261962.5,1855500.0
883,452396.25,270000.0
884,1319249.1666666665,1260000.0
885,1427445.0,980000.0
886,731004.0,890000.0
887,743402.5,685000.0
888,3476985.0,2800000.0
889,393265.0,396000.0
890,494396.25,365000.0
891,1146432.76,865000.0
892,1044575.0,1715000.0
893,322581.25,335000.0
894,840067.5,918000.0
895,962522.5,752500.0
896,1582275.0,1640000.0
897,608905.0,722000.0
898,556861.5,561000.0
899,467312.5,451500.0
900,1078715.5,1070000.0
901,476880.0,520000.0
902,885790.0,1025000.0
903,909919.445,866000.0
904,1958163.75,2525000.0
905,1020305.0,1070000.0
906,571530.0,558000.0
907,676076.5,600000.0
908,904233.0,1005000.0
909,817716.0,985000.0
910,969164.6666666665,840000.0
911,774612.5,904000.0
912,2703402.5,2800000.0
913,1121172.5,1080000.0
914,1748013.84,1920000.0
915,2452445.0,3600000.0
916,1032180.97,1323000.0
917,600075.0,660000.0
918,535525.0,634000.0
919,1523679.38,1422000.0
920,901615.0,683000.0
921,590487.5,480000.0
922,758504.5,775000.0
923,873277.5,670500.0
924,657425.0,665000.0
925,613505.0,1335000.0
926,2251831.5,2250000.0
927,2925600.0,3000000.0
928,417000.0,326000.0
929,705224.5,724000.0
930,315074.1666666666,260000.0
931,2051424.1666666665,1900000.0
932,861005.005,821000.0
933,517560.0,605000.0
934,1165600.0,1185000.0
935,537427.5,532000.0
936,439165.4166666666,595000.0
937,581750.0,628000.0
938,837515.0,700000.0
939,742187.5,626800.0
940,979797.58,760000.0
941,687113.75,770500.0
942,1252207.5,1220000.0
943,1013015.0,1082000.0
944,995678.0,1230000.0
945,733680.0,650000.0
946,381645.83333333326,330000.0
947,1943401.5,1805000.0
948,531680.0,528000.0
949,1471717.5,1450000.0
950,1439812.5,947000.0
951,546767.5,616000.0
952,1153986.5,1050000.0
953,2127250.0,2005000.0
954,405272.25,325000.0
955,864487.5,1360000.0
956,580037.5,599000.0
957,721738.5,720000.0
958,1092070.0,1124000.0
959,361094.0,895000.0
960,534183.0,485000.0
961,886637.5,1074000.0
962,924935.0,790000.0
963,2138747.5,2000000.0
964,1098918.5,1410000.0
965,1216625.0,1110000.0
966,528196.0,515000.0
967,2683815.0,2550000.0
968,993887.5,1300000.0
969,2062500.0,1500000.0
970,602132.5,572000.0
971,614957.5,602000.0
972,2909332.5,3550000.0
973,1034987.52,750000.0
974,1059337.5,1290000.0
975,1125209.995,1185000.0
976,1996970.0,2221000.0
977,806685.0,842000.0
978,1139410.0,1250000.0
979,1677378.5,1700000.0
980,732182.0,725000.0
981,818497.5,655000.0
982,386867.5,445000.0
983,765475.085,817000.0
984,1469688.32,1750000.0
985,1169087.5,1450000.0
986,801414.0,751000.0
987,601122.5,514000.0
988,619477.5,657000.0
989,803604.75,772500.0
990,1688430.94,1500000.0
991,764670.0,1350000.0
992,748375.0,791000.0
993,1545884.38,1600000.0
994,557637.5,570000.0
995,1020560.0,1145000.0
996,763393.5,650000.0
997,1476225.1066666665,1301000.0
998,823482.5,865000.0
999,483167.0,510000.0
1000,2285960.0,1925000.0
1001,1620243.3333333335,1780000.0
1002,2269817.5,2600000.0
1003,1939095.0,2365000.0
1004,671693.75,740000.0
1005,1480550.0,1370000.0
1006,635215.0,601000.0
1007,1667371.106666667,1820000.0
1008,1206397.5,1160000.0
1009,937342.5,690000.0
1010,1276285.0,1555000.0
1011,1031071.94,786000.0
1012,1853076.5,1900000.0
1013,1921507.5,2125000.0
1014,669404.5,710000.0
1015,674901.25,660000.0
1016,759980.0,868000.0
1017,549670.0,520000.0
1018,354170.0,470000.0
1019,735994.0,575000.0
1020,829932.84,800000.0
1021,1855945.0,1875000.0
1022,813765.0,780000.0
1023,884747.5,855000.0
1024,867232.5,800000.0
1025,821836.94,890000.0
1026,530172.5,480000.0
1027,2188195.0,1609000.0
1028,1140644.0,970000.0
1029,1554785.0,1635000.0
1030,1878780.0,981000.0
1031,828962.5,932000.0
1032,1389800.0,1500000.0
1033,1298466.94,1505000.0
1034,1290590.0,1815000.0
1035,540317.0,605000.0
1036,607282.5,612500.0
1037,853420.0,920000.0
1038,497717.5,450000.0
1039,1496996.0,1605000.0
1040,1702952.5,2050000.0
1041,3998305.0,5600000.0
1042,689570.0,716000.0
1043,1210312.5,1102000.0
1044,613488.75,535000.0
1045,1436465.0,700000.0
1046,465217.5,427500.0
1047,408562.5,386000.0
1048,808427.5,850000.0
1049,661332.5,691000.0
1050,787493.75,791000.0
1051,2414495.0,1900000.0
1052,608538.5,540000.0
1053,667442.5,655000.0
1054,603374.5,785000.0
1055,450785.0,290000.0
1056,828830.0,720000.0
1057,713572.5,480000.0
1058,658565.0,618350.0
1059,1322260.0,955000.0
1060,1619186.25,1476000.0
1061,598832.5,647000.0
1062,1468537.5,1500000.0
1063,1126427.5,1365000.0
1064,1954157.5,1690000.0
1065,584000.05,450000.0
1066,1145627.5,1037500.0
1067,952282.75,775000.0
1068,916592.5,895000.0
1069,845715.0,750000.0
1070,995237.5,1627000.0
1071,756052.5,599000.0
1072,1034725.0,820000.0
1073,1357955.0,1470000.0
1074,897831.0,791000.0
1075,1782362.5,1315000.0
1076,1184042.5,980000.0
1077,713863.3333333333,630000.0
1078,952525.0,1470000.0
1079,1074455.0,975000.0
1080,1039425.5,780000.0
1081,1135280.0,1850000.0
1082,996762.5,845000.0
1083,616662.5,575500.0
1084,817167.585,720000.0
1085,1480440.0,1785000.0
1086,2738005.0,1900000.0
1087,1363870.0,1000000.0
1088,1980215.0,1500000.0
1089,525467.5,440000.0
1090,670135.0,660000.0
1091,1587695.0,1800000.0
1092,765316.0,705000.0
1093,1075149.28,835500.0
1094,786692.5,750000.0
1095,1589767.5,1710000.0
1096,1047440.0,1100000.0
1097,1351745.0,1325000.0
1098,1152877.5,1255000.0
1099,508437.5,537000.0
1100,405867.5,521500.0
1101,739302.5,515000.0
1102,856355.0,888000.0
1103,1047077.5,825000.0
1104,1649375.0,1725000.0
1105,1443363.0,1235000.0
1106,521055.0,700000.0
1107,715268.61,660000.0
1108,617395.0,549500.0
1109,1278623.5,820000.0
1110,1337352.5,1420000.0
1111,2808736.5,1510000.0
1112,1047145.0,950000.0
1113,1002255.0,900000.0
1114,1307265.0,1370000.0
1115,345299.0,452000.0
1116,588778.75,640000.0
1117,532308.5,575500.0
1118,1766580.0000000002,1750000.0
1119,1639830.0,1520000.0
1120,1273215.0,1080000.0
1121,787165.835,655000.0
1122,1789697.5,3335000.0
1123,995017.5,961000.0
1124,1306907.5,1296000.0
1125,1295884.5,1620000.0
1126,827309.75,850000.0
1127,1393190.0,1020000.0
1128,1861925.0,1797000.0
1129,1075375.0,1010000.0
1130,532575.75,501000.0
1131,586822.5,715000.0
1132,985034.25,769000.0
1133,501472.5,390000.0
1134,558895.15,530000.0
1135,878731.6666666665,600000.0
1136,1075122.5,1070000.0
1137,682362.5,440000.0
1138,681310.0,805000.0
1139,466779.38,330000.0
1140,899575.0,1001000.0
1141,790300.0,795000.0
1142,1175930.0,816000.0
1143,913225.0,1051000.0
1144,640527.5,680000.0
1145,660472.5,645000.0
1146,664072.5,490000.0
1147,1173795.0,1350000.0
1148,472253.75,675000.0
1149,1100880.0,1362000.0
1150,443517.5,480000.0
1151,1127965.0,1270000.0
1152,662841.0,900000.0
1153,3220140.0,1976000.0
1154,548425.0,650000.0
1155,816036.94,895000.0
1156,915566.94,911982.0
1157,879489.0,790000.0
1158,1926025.0,1300000.0
1159,401027.3214285714,450000.0
1160,1275442.5,1415000.0
1161,1164574.5,1160000.0
1162,401315.0,526000.0
1163,488712.5,346000.0
1164,862510.0,620000.0
1165,1798635.0,1790000.0
1166,525172.0,500000.0
1167,653320.0,560000.0
1168,960032.5,781500.0
1169,2386012.5,2600000.0
1170,545402.5,536000.0
1171,1350471.5,891000.0
1172,895297.5,930000.0
1173,1369910.0,1750000.0
1174,1367806.88,1330000.0
1175,373771.25,360000.0
1176,1967295.7142857143,1891000.0
1177,1073357.5624999998,1340000.0
1178,555769.0,510000.0
1179,434927.5,400000.0
1180,1837677.5,1600000.0
1181,667000.0,640000.0
1182,690411.5,670000.0
1183,1313267.5,1015000.0
1184,1420129.333333333,1410000.0
1185,1429735.0,2100000.0
1186,1201745.0,1430000.0
1187,1236850.0,677000.0
1188,876410.0,935000.0
1189,1442867.5,1880000.0
1190,885447.5,1256000.0
1191,687692.5,693000.0
1192,488845.0,460000.0
1193,913942.5,995000.0
1194,748885.085,600000.0
1195,554325.0,370000.0
1196,326256.125,440000.0
1197,714990.0,613000.0
1198,861392.5,895000.0
1199,1091139.7,1587500.0
1200,508490.0,468000.0
1201,1018657.5,825000.0
1202,2755350.0,2450000.0
1203,1766053.1666666665,1785000.0
1204,822232.5,583000.0
1205,848842.5,935000.0
1206,726041.5,616000.0
1207,1315997.5,1360000.0
1208,1395207.5,1557000.0
1209,3293830.0,3400000.0
1210,770977.5,822000.0
1211,1014092.0,1143000.0
1212,746177.5,614000.0
1213,608555.0,561000.0
1214,2093185.0,1800000.0
1215,1065977.5,1450000.0
1216,2385860.0,2200000.0
1217,499531.8333333334,1100000.0
1218,934707.5,1170000.0
1219,1275650.0,1290000.0
1220,1387322.5,1291000.0
1221,564658.75,470000.0
1222,832144.48,720000.0
1223,598440.0,544500.0
1224,895267.67,866000.0
1225,539119.25,275000.0
1226,835200.0,587000.0
1227,1229317.5,1611000.0
1228,2603106.333333333,4011000.0
1229,1726423.0,1410000.0
1230,1581527.5,1450000.0
1231,567634.44,585000.0
1232,453920.0,550000.0
1233,690787.5,631000.0
1234,901242.335,1000000.0
1235,1071810.0,906000.0
1236,634832.5,646000.0
1237,828930.0,695000.0
1238,827794.5,880000.0
1239,875247.5,813000.0
1240,1333207.5,1310000.0
1241,625997.5,420000.0
1242,1786217.5,1625000.0
1243,1216400.0,920000.0
1244,664353.75,710000.0
1245,2579340.0,2513000.0
1246,1423519.0,1300000.0
1247,544511.25,420000.0
1248,1300432.5,1225000.0
1249,1127930.0,1060000.0
1250,749747.5,570000.0
1251,597608.5,815000.0
1252,806928.5,870000.0
1253,868934.1666666665,650000.0
1254,2642075.82,2830000.0
1255,742618.75,743000.0
1256,547612.5,372000.0
1257,1085823.47,1105000.0
1258,544294.5,460000.0
1259,988517.5,850000.0
1260,1122285.0,995000.0
1261,298722.50000000006,380000.0
1262,843090.0,725000.0
1263,1855051.6666666665,1830000.0
1264,1306640.0,700000.0
1265,551907.5,540000.0
1266,683652.5,805000.0
1267,469900.1,425000.0
1268,1359450.0,1300000.0
1269,2099818.3333333335,2090000.0
1270,874735.0,755000.0
1271,879987.5,740000.0
1272,550255.0,495000.0
1273,793104.44,740000.0
1274,586306.25,615000.0
1275,1643240.0,1505000.0
1276,802015.0,770000.0
1277,804877.5,550000.0
1278,1206552.5,1710000.0
1279,1590410.0,1820000.0
1280,1567687.5,1415000.0
1281,1263297.5,967500.0
1282,1296080.0,1400000.0
1283,562765.0,812000.0
1284,845240.8333333335,800000.0
1285,869645.0,981000.0
1286,2520935.0,1875000.0
1287,800150.5,800000.0
1288,1876405.833333333,1678000.0
1289,652990.0,720000.0
1290,849517.5,833800.0
1291,1650652.5,2035000.0
1292,1268286.94,1075000.0
1293,741555.0,900000.0
1294,874800.8333333335,790000.0
1295,750837.5,690000.0
1296,1608310.0,1855000.0
1297,1152965.0,1050000.0
1298,904045.0,1400000.0
1299,784517.5,1100000.0
1300,1355272.5,1370000.0
1301,492117.5,604000.0
1302,1633817.5,1990000.0
1303,499695.0,427500.0
1304,1244748.75,1255000.0
1305,715187.5,435000.0
1306,2881952.5,2840000.0
1307,629083.3333333333,586500.0
1308,1997490.9999999998,2600000.0
1309,660192.5,680000.0
1310,726492.5,682000.0
1311,1263935.0,1185000.0
1312,547603.1,510000.0
1313,713002.5,716000.0
1314,1116847.5,1470000.0
1315,517532.5,555000.0
1316,622780.5,615000.0
1317,811382.5,682000.0
1318,2202000.0,2225000.0
1319,641810.0,650000.0
1320,4228615.0,5050000.0
1321,1440320.0,1705000.0
1322,886060.0,980000.0
1323,1391583.0,1630000.0
1324,1267175.0,1510000.0
1325,1156620.41,1206000.0
1326,1345945.0,1660000.0
1327,2306947.5,2115000.0
1328,384988.75,412250.0
1329,802507.5,767000.0
1330,951667.5,828000.0
1331,651228.75,710000.0
1332,1687450.0,1330000.0
1333,1384705.0,1200000.0
1334,1029455.0,820000.0
1335,1337145.0,1575000.0
1336,860578.8233333331,655000.0
1337,739280.0,1125000.0
1338,759870.0,690000.0
1339,681663.5,730000.0
1340,925817.5,890000.0
1341,1712483.88,1680000.0
1342,1402442.5,1300000.0
1343,1412887.6,1460000.0
1344,964317.5,1101000.0
1345,572545.75,515000.0
1346,691675.0,638000.0
1347,2341350.0,2635000.0
1348,736212.5,525500.0
1349,1016308.0,988000.0
1350,469505.0,482000.0
1351,1949770.0,2350000.0
1352,2077590.0,1910000.0
1353,660077.5,535000.0
1354,1022589.1666666667,880000.0
1355,846785.0,844000.0
1356,329465.0,405000.0
1357,2285467.5,1980000.0
1358,1699090.5,1600000.0
1359,796135.0,750000.0
1360,1136565.0,1300000.0
1361,760210.0,650000.0
1362,856237.5,906000.0
1363,1035070.0,925000.0
1364,979834.85,800000.0
1365,1824060.0,2525000.0
1366,423505.0,383000.0
1367,913200.0,910000.0
1368,1363972.5,1400000.0
1369,950700.0,910000.0
1370,817430.0,880000.0
1371,2631960.0,2150000.0
1372,2326225.0,3325000.0
1373,921680.0,900000.0
1374,1977267.0,1790000.0
1375,822045.0,945000.0
1376,680305.5,620000.0
1377,526796.5,665000.0
1378,2111354.0,2168000.0
1379,1425344.0,1406000.0
1380,2484915.0,3000000.0
1381,1036130.0,860000.0
1382,1138132.5,1290000.0
1383,1064200.0,1000000.0
1384,1143165.0,1191000.0
1385,1274261.0,1425000.0
1386,712484.5,510000.0
1387,463181.5,516000.0
1388,296095.47619047615,280000.0
1389,743284.41,597000.0
1390,767895.0,760000.0
1391,1950635.0,2050000.0
1392,849080.0,910000.0
1393,542387.5,575000.0
1394,1135549.7916666667,1285000.0
1395,404862.83333333326,349000.0
1396,409840.0,373500.0
1397,1045427.5,1230000.0
1398,968237.5,900000.0
1399,537938.325,600000.0
1400,1251777.5,1150000.0
1401,692135.685,540000.0
1402,1421925.0,1275000.0
1403,602548.75,580000.0
1404,1756655.0,1905000.0
1405,772365.0,725000.0
1406,922297.5,1005000.0
1407,1168657.5,652500.0
1408,2258457.5,3512500.0
1409,1309355.0,1410000.0
1410,1312472.5,1185000.0
1411,1317302.5,1530000.0
1412,696998.5,630000.0
1413,1088252.5,750000.0
1414,655380.0,635000.0
1415,646477.5,715000.0
1416,794897.5,960000.0
1417,930065.0,800000.0
1418,1384535.0,1430000.0
1419,496870.6,605000.0
1420,747830.0,640000.0
1421,1200463.75,825000.0
1422,607675.0,650000.0
1423,506337.5,503000.0
1424,1325092.5,1200000.0
1425,2273250.0,1912000.0
1426,1026652.5,1130000.0
1427,632345.0,612500.0
1428,914592.5,792000.0
1429,571882.5,580000.0
1430,748386.6666666667,691000.0
1431,1517430.0,1655000.0
1432,786110.0,836000.0
1433,952270.0,1102200.0
1434,946227.5,722000.0
1435,589157.5,706000.0
1436,676827.5,590000.0
1437,1517920.785,845000.0
1438,1779310.0,1550000.0
1439,1117780.8333333333,1310000.0
1440,1535697.34,1782000.0
1441,530390.0,685000.0
1442,1037462.0,1042500.0
1443,623955.0,602000.0
1444,410493.3333333334,420000.0
1445,3518225.0,3695000.0
1446,710537.5,570000.0
1447,2376677.5,2160000.0
1448,1259300.0,1120000.0
1449,699245.0,816000.0
1450,1399820.5,1100000.0
1451,815290.0,650000.0
1452,1324972.5,1225000.0
1453,1092655.0,825000.0
1454,1190511.25,1260000.0
1455,1050710.0,975000.0
1456,1764475.0,870000.0
1457,1354987.5,900000.0
1458,518840.5,565000.0
1459,1084112.5,1150000.0
1460,493790.0,470000.0
1461,889930.0,935000.0
1462,3285410.0,3625000.0
1463,873978.32,720000.0
1464,464607.0,490000.0
1465,1025412.5,855000.0
1466,406630.0,457000.0
1467,715642.5,740000.0
1468,1090300.0,950000.0
1469,2143790.0,2760000.0
1470,638080.0,595000.0
1471,539330.0,576000.0
1472,1457480.0,910000.0
1473,1035815.0,1002500.0
1474,433932.5,432000.0
1475,868872.5,950000.0
1476,926167.5,1020000.0
1477,1016230.0,1225000.0
1478,1485660.0,1425000.0
1479,1338043.5,1115000.0
1480,587012.5,542500.0
1481,1344050.0,1250000.0
1482,1719973.88,1601000.0
1483,1696757.5,1295000.0
1484,1235499.1666666665,1064000.0
1485,886079.0,721000.0
1486,537736.0,442000.0
1487,2114847.225,1640000.0
1488,954585.0,855000.0
1489,397410.0,420000.0
1490,792185.0,728000.0
1491,1151617.5,1150000.0
1492,2566620.0,2825000.0
1493,291035.0,305000.0
1494,980677.5,890500.0
1495,1265962.5,1200000.0
1496,1019687.5,650000.0
1497,790901.25,760000.0
1498,628100.0,622000.0
1499,1340590.0,1468000.0
1500,1352635.0,1695000.0
1501,683970.5,775500.0
1502,993207.5,1250000.0
1503,935620.0,910000.0
1504,589830.0,671000.0
1505,944030.0,1075000.0
1506,597627.5,533000.0
1507,755625.0,800000.0
1508,970790.0,950000.0
1509,619450.0,695000.0
1510,1885652.5,2155000.0
1511,645338.75,475000.0
1512,514035.0,540000.0
1513,1502437.5,1550000.0
1514,2241902.5,1751000.0
1515,1045441.25,900000.0
1516,793100.0,650000.0
1517,1381065.0,1474000.0
1518,542418.75,500000.0
1519,843069.5,735000.0
1520,384182.0,240000.0
1521,856487.5,905000.0
1522,1325267.5,1510000.0
1523,707430.0,865000.0
1524,477725.24999999994,470000.0
1525,619040.0,646000.0
1526,925917.5,925000.0
1527,672365.0,600000.0
1528,297550.0,280000.0
1529,409318.0,391000.0
1530,989161.25,825000.0
1531,356679.5,375000.0
1532,701632.5,710000.0
1533,638835.4166666666,700500.0
1534,965310.0,990000.0
1535,528410.05,550000.0
1536,1055521.6666666665,535000.0
1537,408712.83333333326,380000.0
1538,948855.0,690000.0
1539,1122887.0833333333,1110000.0
1540,556850.0,568000.0
1541,773490.0,780000.0
1542,635560.0,750000.0
1543,1131652.5,1255000.0
1544,735056.6666666665,928000.0
1545,1744982.5,1912500.0
1546,1481770.0,1580000.0
1547,668643.75,722000.0
1548,1503370.0,1400000.0
1549,1615682.5,2475000.0
1550,1304111.25,950000.0
1551,1835260.0,2050000.0
1552,1481279.7,1620000.0
1553,863537.5,1000000.0
1554,667290.0,850000.0
1555,1517630.0,1375000.0
1556,1188587.55,1320000.0
1557,771415.0,650000.0
1558,605425.35,526000.0
1559,1209753.175,1040000.0
1560,689784.48,740000.0
1561,953160.0,1050000.0
1562,1009114.0,965000.0
1563,2360330.0,2100000.0
1564,577950.0,470000.0
1565,653810.0,700000.0
1566,1193742.5,1426000.0
1567,643140.0,587134.0
1568,755981.5,640000.0
1569,958967.5,1070000.0
1570,1109680.0,805000.0
1571,1516802.5,1911000.0
1572,743989.5,725000.0
1573,550185.0,460000.0
1574,567625.0,390000.0
1575,2527987.5,1230000.0
1576,448510.0,573000.0
1577,929730.0,822500.0
1578,843705.0,850000.0
1579,418704.5,368000.0
1580,618127.5,595000.0
1581,761187.5,910000.0
1582,1781777.5,2215000.0
1583,391840.0,328000.0
1584,1226268.1,881000.0
1585,981837.5,940000.0
1586,1322255.0,1145000.0
1587,651665.0,670000.0
1588,1110002.51,1020000.0
1589,809447.585,730000.0
1590,713645.0,702000.0
1591,852595.0,810000.0
1592,940570.0,800000.0
1593,1339643.75,690000.0
1594,968965.0,685000.0
1595,1541523.44,1337000.0
1596,505815.2,636500.0
1597,492375.0,510000.0
1598,590027.5,593000.0
1599,1038877.5,1204000.0
1600,1509554.0,1612000.0
1601,700313.75,680000.0
1602,1027046.6666666667,985000.0
1603,445867.5,457000.0
1604,911272.53,732000.0
1605,1861096.0,1780000.0
1606,1289692.5,1400000.0
1607,766016.5,875000.0
1608,1356365.0,1367000.0
1609,699065.0,700000.0
1610,1439255.5,1310000.0
1611,817835.0,710000.0
1612,756962.0,707500.0
1613,742850.5,860000.0
1614,836488.73,945000.0
1615,1673819.44,1900000.0
1616,874137.5,905000.0
1617,610875.0,572000.0
1618,741382.5,650000.0
1619,714655.0,286000.0
1620,972177.5,1005000.0
1621,919744.165,835000.0
1622,363035.0,380000.0
1623,673203.55,610000.0
1624,825615.0,645000.0
1625,460347.5,415000.0
1626,699387.5,585000.0
1627,826413.0,762000.0
1628,1150530.0,1036500.0
1629,742936.875,490000.0
1630,703860.0,1016000.0
1631,796557.5,808000.0
1632,406735.0,421000.0
1633,2382170.0,2200000.0
1634,421467.5,210000.0
1635,2076305.0,2500000.0
1636,743685.0,767000.0
1637,949367.5,1155000.0
1638,1634922.5,1518000.0
1639,949667.5,820000.0
1640,2712490.0,2408000.0
1641,1632227.5,1500000.0
1642,860120.0,820000.0
1643,870695.0,660000.0
1644,963250.0,1052000.0
1645,1304480.0,1735000.0
1646,820395.0,565000.0
1647,1610653.2366666668,1460000.0
1648,573327.5,470000.0
1649,657594.3333333334,630000.0
1650,1163652.5,732000.0
1651,848247.5,550000.0
1652,953110.0,970000.0
1653,1019100.0,900000.0
1654,733703.99,612000.0
1655,804146.0,430000.0
1656,623695.0,895000.0
1657,877700.0,986000.0
1658,1332177.5,2160000.0
1659,826288.0,1129000.0
1660,2980690.0,2350000.0
1661,1128228.32,1300000.0
1662,1192262.5,1455000.0
1663,1144640.0,900000.0
1664,841687.5,785000.0
1665,683392.5,721000.0
1666,1144985.0,1406000.0
1667,666783.75,850000.0
1668,656767.5,535000.0
1669,1459737.5,1350000.0
1670,999775.0,1010000.0
1671,1194492.0,1060000.0
1672,871314.5,651000.0
1673,670291.0,677000.0
1674,764355.0,960000.0
1675,847894.1666666667,960000.0
1676,633620.5,580000.0
1677,586267.5,720000.0
1678,2117640.0,2300000.0
1679,596723.75,530000.0
1680,436347.5,410000.0
1681,1269767.5,1270000.0
1682,729635.0,695000.0
1683,1107717.5,965000.0
1684,1372070.0,1610000.0
1685,732906.5,635000.0
1686,2219660.82,2475000.0
1687,1220765.0,1263500.0
1688,1156925.0,1025000.0
1689,859582.5,850000.0
1690,603794.0,547500.0
1691,1617102.5,1817000.0
1692,527509.0,450000.0
1693,847187.5,825000.0
1694,1661079.5,1162000.0
1695,1530957.5,1420000.0
1696,2476780.0,2830000.0
1697,775382.5,895000.0
1698,806781.0,717000.0
1699,701942.5,623000.0
1700,787012.5,800000.0
1701,1426217.5,1679000.0
1702,689800.05,675000.0
1703,1959338.333333333,2395000.0
1704,512720.0,620000.0
1705,879472.5,375000.0
1706,782542.5,875000.0
1707,3253200.0,2640000.0
1708,1069569.0,1000000.0
1709,687765.0,800000.0
1710,713777.5,645400.0
1711,1294852.5,1100000.0
1712,942946.665,920000.0
1713,898572.4066666666,810000.0
1714,1248117.5,1311000.0
1715,865432.5,770000.0
1716,1782252.5,1770000.0
1717,783765.0,755000.0
1718,2596285.0,3020000.0
1719,1963672.5,1900000.0
1720,1478315.0,1456000.0
1721,442450.5,425000.0
1722,1397442.5,1110000.0
1723,2299720.5,2400000.0
1724,1133095.0,1441000.0
1725,1616467.5,1600000.0
1726,439042.5,370000.0
1727,690870.0,620000.0
1728,984974.0,975000.0
1729,1334975.0,1370000.0
1730,1524165.0,1210000.0
1731,610397.5,566000.0
1732,1022715.0,860000.0
1733,944051.0,650000.0
1734,2183090.0,2040000.0
1735,891912.5,845000.0
1736,1202480.0,1205000.0
1737,1204550.0,960000.0
1738,2330455.0,2700000.0
1739,1118722.5,1000000.0
1740,544292.0,575000.0
1741,689542.5,635000.0
1742,707067.5,729000.0
1743,833867.95,580000.0
1744,1106523.0,1100000.0
1745,1248165.0,1297000.0
1746,1295410.0,880000.0
1747,668935.5,650000.0
1748,1480070.0,1705000.0
1749,1259297.5,1485000.0
1750,1957887.5,1775000.0
1751,942242.5,800000.0
1752,1935635.0,1936000.0
1753,979655.0,1050000.0
1754,1244392.2,1626000.0
1755,456637.0,410000.0
1756,1724842.5,2200000.0
1757,1100657.5,1450000.0
1758,1120506.5,878500.0
1759,698357.5,750000.0
1760,1641334.0,1250000.0
1761,1183402.5,1500000.0
1762,1068307.5,1030000.0
1763,815545.0,540000.0
1764,672337.5,617500.0
1765,1805631.6666666665,1250000.0
1766,850170.0,790000.0
1767,1143855.0,1045000.0
1768,1551712.5,1805000.0
1769,556367.5,497000.0
1770,497380.0,474000.0
1771,690606.0,810000.0
1772,913200.0,670000.0
1773,776402.5,665000.0
1774,3509750.0,3105000.0
1775,1967567.5,2001000.0
1776,2318925.0,2600000.0
1777,786050.0,721500.0
1778,832927.5,780000.0
1779,408460.0,400000.0
1780,1743293.9285714286,1530000.0
1781,722754.2,582000.0
1782,736977.5,450000.0
1783,1718278.0,1550000.0
1784,1332847.5,1235000.0
1785,2183870.0,2330000.0
1786,1978670.0,1890000.0
1787,585015.0,540000.0
1788,918752.0,950000.0
1789,1045960.0,1118000.0
1790,2027700.0,2042000.0
1791,790865.0,704500.0
1792,955195.0,950000.0
1793,579650.0,535000.0
1794,537700.0,511000.0
1795,664677.5,650000.0
1796,802079.44,830000.0
1797,617120.0,442500.0
1798,633197.5,750000.0
1799,1676722.5,1765000.0
1800,1549507.5,1350000.0
1801,417065.0,440000.0
1802,734035.0,600000.0
1803,1098586.5,1301000.0
1804,1018430.0,870000.0
1805,1023112.5,855000.0
1806,415485.0,681000.0
1807,793528.75,790000.0
1808,570072.5,500000.0
1809,682607.5,580000.0
1810,3467885.0,3550000.0
1811,908270.0,880000.0
1812,1364045.0,1963000.0
1813,308875.0,245000.0
1814,735032.5,570000.0
1815,472220.75,350000.0
1816,967375.0,810000.0
1817,1098477.5,1010000.0
1818,743092.5,735000.0
1819,712210.0,740000.0
1820,626918.5,730000.0
1821,880704.44,1005000.0
1822,825643.0,840000.0
1823,957157.5,1004000.0
1824,2326440.0,2525000.0
1825,1723578.3333333335,1751000.0
1826,423056.25,385000.0
1827,1828862.5,1825000.0
1828,1009870.0,920000.0
1829,647889.5,690000.0
1830,854557.5,709000.0
1831,968365.2083333333,1001000.0
1832,483381.25,455000.0
1833,1024905.0,1200000.0
1834,1187724.0,1300000.0
1835,922552.5,850000.0
1836,1857252.5,1966000.0
1837,422595.0,435000.0
1838,374147.5,310000.0
1839,834379.5,645000.0
1840,1609921.44,1840000.0
1841,808719.95,633000.0
1842,1135630.0,1615000.0
1843,577495.0,522500.0
1844,809140.0,910000.0
1845,1845302.5,1950000.0
1846,505983.75,405000.0
1847,1100263.5,900000.0
1848,1151656.25,1090000.0
1849,1245405.0,1150000.0
1850,1306462.5,1290000.0
1851,632958.5,655000.0
1852,922852.5,995000.0
1853,895600.0,1337500.0
1854,613157.5,550000.0
1855,3498447.5,3500000.0
1856,1548135.0,1610000.0
1857,733075.0,730000.0
1858,1715300.0,1950000.0
1859,1825976.5,1860000.0
1860,869772.5,981000.0
1861,1687710.0,2555000.0
1862,562105.0,390000.0
1863,312892.5,310000.0
1864,1018290.0,1350000.0
1865,759087.5,765000.0
1866,375897.5,300000.0
1867,718491.25,770000.0
1868,1483890.0,956000.0
1869,743965.8333333335,995000.0
1870,1678950.0,2640000.0
1871,926505.0,902000.0
1872,727248.75,650000.0
1873,1095310.0,1060000.0
1874,899162.5,700000.0
1875,1774486.6666666665,1388800.0
1876,928495.0,965000.0
1877,1035266.0,860000.0
1878,505412.5,447000.0
1879,770212.5,750000.0
1880,768105.0,550000.0
1881,398365.0,441000.0
1882,820940.08,615000.0
1883,1588755.44,1500000.0
1884,1043187.5,1102000.0
1885,1974480.0,2200000.0
1886,1044440.0,880000.0
1887,713147.5,623000.0
1888,1470397.5,1460000.0
1889,828677.5,550000.0
1890,1965244.166666667,2415000.0
1891,1570297.5,1575000.0
1892,1081215.0,620000.0
1893,953455.0,1095000.0
1894,1157490.0,875000.0
1895,816563.99,875000.0
1896,1462902.5,1515000.0
1897,1438263.75,1625000.0
1898,1371143.5,1726000.0
1899,393240.0,409000.0
1900,1897535.0,1470000.0
1901,1316867.5,1780000.0
1902,613082.5,729000.0
1903,686700.5,760000.0
1904,1178102.5,1194000.0
1905,1768620.0,1412000.0
1906,514787.5,550000.0
1907,765451.5,2412000.0
1908,974617.5,1080000.0
1909,1540805.0,1385000.0
1910,798582.95,795000.0
1911,506877.0714285714,510000.0
1912,534757.5,495000.0
1913,1225301.0,1580000.0
1914,1113960.0,1005000.0
1915,1437452.5,1540000.0
1916,3031853.32,2800000.0
1917,1132015.82,990000.0
1918,1605525.0,1682000.0
1919,2138962.5,1950000.0
1920,881322.5,802000.0
1921,730891.5,725000.0
1922,1861105.0,725000.0
1923,1282230.0,1017500.0
1924,811789.5,800000.0
1925,398330.0,400000.0
1926,1141872.5,1285000.0
1927,1063348.25,1237000.0
1928,1365515.0,1362000.0
1929,682142.0,725000.0
1930,691442.5,620000.0
1931,1615506.94,1300000.0
1932,1873372.5,1115000.0
1933,868162.5,560000.0
1934,459000.0,452000.0
1935,2400173.84,2000000.0
1936,1215902.5,926000.0
1937,750090.0,805000.0
1938,1366407.5,1340000.0
1939,716760.5,601200.0
1940,1128853.125,970000.0
1941,647635.0,760000.0
1942,893368.33,1018000.0
1943,1160132.5,770000.0
1944,924085.0,1030000.0
1945,953810.0,855000.0
1946,643463.75,700000.0
1947,939370.0,1053000.0
1948,1037310.0,756000.0
1949,569637.92,500000.0
1950,1467520.0,2100000.0
1951,1514830.0,1680000.0
1952,1591611.666666667,1860000.0
1953,495651.25,613000.0
1954,387865.0,375000.0
1955,382718.1666666666,370000.0
1956,667387.0,582000.0
1957,1138382.5,1105000.0
1958,1564945.8333333335,1870000.0
1959,423981.25,375000.0
1960,1558400.0,1481000.0
1961,941990.0,1050000.0
1962,404340.0,401000.0
1963,484875.99333333335,370000.0
1964,776412.5,850000.0
1965,849845.0,650000.0
1966,480628.0,436000.0
1967,1685160.0,1590000.0
1968,1263722.5,1210000.0
1969,519487.5,485000.0
1970,426168.94,650000.0
1971,1919800.0,1940000.0
1972,846013.5,644000.0
1973,733287.0,630000.0
1974,786912.84,632000.0
1975,1019992.5,1330000.0
1976,1662010.0,2265000.0
1977,943165.0,1030000.0
1978,920300.0,726000.0
1979,803522.5,812500.0
1980,404750.0,365000.0
1981,1015791.5,950000.0
1982,1212090.82,1500000.0
1983,1031669.165,1306000.0
1984,1064385.615,1138000.0
1985,2138165.0,1970000.0
1986,2097102.5,1500000.0
1987,596516.25,520000.0
1988,1024502.645,975500.0
1989,463485.775,292000.0
1990,744105.0,590000.0
1991,771747.5,858000.0
1992,803432.5,855000.0
1993,1256757.5,1080000.0
1994,729415.0,773000.0
1995,938793.5,1190000.0
1996,1525190.0,1750000.0
1997,1285082.5,1450000.0
1998,767996.0,810000.0
1999,700055.0,708000.0
2000,1299797.5,855000.0
2001,2103155.0,2140000.0
2002,665002.5,475000.0
2003,585907.5,560000.0
2004,750380.0,730000.0
2005,403047.5,470000.0
2006,762775.0,550000.0
2007,1128233.5,990000.0
2008,999280.0,883000.0
2009,1718789.44,1975000.0
2010,1581537.5,1460000.0
2011,717148.75,780000.0
2012,505507.48,500000.0
2013,1261042.5,1341500.0
2014,816097.5,820000.0
2015,467620.0,525500.0
2016,499680.0,553500.0
2017,963735.0,1405000.0
2018,890797.5,875000.0
2019,2638015.0,3000000.0
2020,1318670.0,1200000.0
2021,634785.5,540000.0
2022,626382.0,595000.0
2023,557225.0,632000.0
2024,579680.0,652000.0
2025,714635.4166666665,749000.0
2026,2361250.0,2300000.0
2027,547312.5,380000.0
2028,752165.39,731000.0
2029,530557.5,648000.0
2030,517142.9166666666,507000.0
2031,1373062.5,515000.0
2032,659430.0,490000.0
2033,887449.48,900000.0
2034,437810.0,460000.0
2035,438140.0,440000.0
2036,441621.25,671000.0
2037,1387832.5,1350000.0
2038,665990.0,700000.0
2039,1039772.0,985000.0
2040,1049642.5,736000.0
2041,1092387.5,1220000.0
2042,1296657.5,1550000.0
2043,1112379.44,1350000.0
2044,613301.25,510000.0
2045,1243177.5,1115000.0
2046,826920.0,880000.0
2047,459904.0,550000.0
2048,775147.5,863000.0
2049,449353.5,420000.0
2050,711207.5,657500.0
2051,1094576.25,950000.0
2052,583107.5,640000.0
2053,2215680.0,1965000.0
2054,508550.0,510000.0
2055,1157437.5,1100000.0
2056,687928.75,230000.0
2057,1010245.0,1400000.0
2058,1315868.0,1620000.0
2059,786460.0,750000.0
2060,1367125.0,1500000.0
2061,833912.5,575000.0
2062,3618790.0,6400000.0
2063,638727.5,676000.0
2064,674734.6666666665,440000.0
2065,1151125.5,1150000.0
2066,1003552.5,1010000.0
2067,855792.5,980000.0
2068,2691530.0,2600000.0
2069,1974040.0,2600000.0
2070,882622.5,750000.0
2071,1084055.0,1325000.0
2072,1209095.0,1050000.0
2073,1102407.5,1150000.0
2074,1937355.0,1800000.0
2075,391268.125,263100.0
2076,1293572.0,1635000.0
2077,474225.0,530000.0
2078,653100.0,710000.0
2079,647414.1666666666,650000.0
2080,588520.0,510000.0
2081,1776507.5,1741000.0
2082,1574382.5,1255000.0
2083,575243.25,601000.0
2084,363937.5,336000.0
2085,744367.0,707000.0
2086,801962.5,782500.0
2087,2560607.5,2800000.0
2088,734957.5,830000.0
2089,2148072.5,2325000.0
2090,2406975.0,1400000.0
2091,1048558.5,1250000.0
2092,1047961.0,1935000.0
2093,741382.5,670000.0
2094,592638.75,677500.0
2095,1281242.5,1260000.0
2096,739143.5,650000.0
2097,1358935.0,1336000.0
2098,852087.585,785000.0
2099,2203795.0,1800000.0
2100,1230450.0,1150000.0
2101,1060962.5,925000.0
2102,1519014.44,1410000.0
2103,2314140.0,2400000.0
2104,614015.5,600000.0
2105,614837.5,552000.0
2106,601847.5,557000.0
2107,952227.5,950000.0
2108,532627.5,570000.0
2109,718439.0,783000.0
2110,319097.7083333333,260000.0
2111,1743310.833333333,1820000.0
2112,1971022.5,2225000.0
2113,839845.5,998000.0
2114,2410704.38,2550000.0
2115,590730.0,806000.0
2116,669825.0,643000.0
2117,843397.5,903000.0
2118,644657.5,702000.0
2119,973363.0,910000.0
2120,854082.2,760000.0
2121,771830.0,695000.0
2122,1089360.0,1201000.0
2123,506953.88,542500.0
2124,670402.5,645000.0
2125,725335.5,730000.0
2126,718065.0,715500.0
2127,1474722.5,1661000.0
2128,2018165.0,1900000.0
2129,1540150.0,1300000.0
2130,711107.5,725000.0
2131,1617255.0,1615000.0
2132,746030.9,816000.0
2133,1310165.0,1800000.0
2134,658874.3,730000.0
2135,2761369.44,3050000.0
2136,1263760.0,1131000.0
2137,616482.5,617000.0
2138,1637970.0,1555000.0
2139,1061321.495,1200000.0
2140,450581.25,477000.0
2141,1251400.0,1305000.0
2142,883360.0,820000.0
2143,462031.25,442000.0
2144,1169279.5,959000.0
2145,1597370.0,1500000.0
2146,612939.5,650000.0
2147,602355.0,350000.0
2148,1011792.0,833000.0
2149,1790046.25,1250500.0
2150,587310.1666666667,716000.0
2151,1451832.5,1300000.0
2152,658170.0,520000.0
2153,1051922.5,1230000.0
2154,500847.5,500000.0
2155,317530.0,330000.0
2156,780767.5,510000.0
2157,550318.75,475000.0
2158,598422.5,690000.0
2159,1092708.0,970000.0
2160,1466132.5,1555000.0
2161,2000925.0,2050000.0
2162,828185.0,1700000.0
2163,3045347.5,2840000.0
2164,656757.0,695000.0
2165,1469378.75,810000.0
2166,2264670.0,2160000.0
2167,695852.5,664000.0
2168,2036950.0,2500000.0
2169,1089685.0,1085000.0
2170,442950.0,452000.0
2171,823085.0,962000.0
2172,585612.5,667000.0
2173,563495.0,686000.0
2174,1038582.5,1238000.0
2175,1137808.3333333335,940000.0
2176,1354985.0,1460000.0
2177,543821.25,420000.0
2178,906282.5,725000.0
2179,1363955.0,970000.0
2180,1279550.0,1843000.0
2181,627662.2,600000.0
2182,697143.3333333333,815000.0
2183,922365.0,815000.0
2184,2695982.5,3550000.0
2185,903894.9999999999,675000.0
2186,2271757.5,1480000.0
2187,1342796.0,1860000.0
2188,913090.185,931999.0
2189,623012.5,591500.0
2190,1036953.3333333333,990000.0
2191,738198.75,700000.0
2192,484984.0,490000.0
2193,1416657.5,1390000.0
2194,1546670.0,1509000.0
2195,288185.0,275000.0
2196,850392.5,760000.0
2197,759172.5,730000.0
2198,625222.5,632000.0
2199,976867.515,905000.0
2200,755887.5,650000.0
2201,675831.5733333332,670000.0
2202,550070.0,422500.0
2203,798522.5,825000.0
2204,706715.0,802500.0
2205,925057.5,1285000.0
2206,648417.25,714000.0
2207,2566855.0,2415000.0
2208,584505.0,720000.0
2209,755738.0,816000.0
2210,1547522.5,840000.0
2211,789172.875,607000.0
2212,387025.0,395000.0
2213,582146.25,630000.0
2214,1048731.6666666665,1005000.0
2215,572378.3,500000.0
2216,514529.025,480000.0
2217,407366.25,439000.0
2218,706857.5,738000.0
2219,314554.5833333334,296000.0
2220,1108971.6666666667,720000.0
2221,1230050.41,1015000.0
2222,305622.0833333334,285000.0
2223,1196336.94,1260000.0
2224,1313456.94,1200000.0
2225,625957.01,670000.0
2226,643451.215,752500.0
2227,725445.0,455000.0
2228,770994.0,620000.0
2229,2161317.5,2118000.0
2230,836010.0000000001,880000.0
2231,1419533.5,1225000.0
2232,573040.0,550000.0
2233,634215.0,557500.0
2234,1383035.0,1205000.0
2235,2055640.0,1750000.0
2236,979685.0,1085000.0
2237,1849295.0,1800000.0
2238,685346.0,580000.0
2239,1073209.44,922000.0
2240,1082716.0,1200000.0
2241,780242.515,785000.0
2242,1074551.875,710000.0
2243,728297.585,655000.0
2244,1885655.0,1586000.0
2245,811931.32,820000.0
2246,868362.5,786000.0
2247,1054680.0,917000.0
2248,520362.5,545000.0
2249,754164.0,631000.0
2250,463148.75,455000.0
2251,1376605.0,1251000.0
2252,602485.5,605000.0
2253,704722.5,756000.0
2254,1001846.5,1102500.0
2255,597002.5,620000.0
2256,589503.75,445000.0
2257,664615.0,500000.0
2258,740950.0,680000.0
2259,923372.5,800000.0
2260,1095297.5,1202000.0
2261,1439685.05,1210000.0
2262,2055027.5,2567500.0
2263,495286.22,420000.0
2264,766385.0,710000.0
2265,1345420.0,1070500.0
2266,1005665.0,825000.0
2267,998100.0,980000.0
2268,1617455.44,1600000.0
2269,661075.0,590000.0
2270,224205.0,210000.0
2271,820293.25,931000.0
2272,716070.0,815000.0
2273,1218992.5,1265000.0
2274,1282692.5,1367000.0
2275,2538085.0,2500000.0
2276,2785765.0,3250000.0
2277,2201692.5,2200000.0
2278,1844572.5,2355000.0
2279,863360.0,950000.0
2280,531320.0,454000.0
2281,802990.0,1120000.0
2282,564024.5,603000.0
2283,1084287.5,1000000.0
2284,475942.5,370000.0
2285,740235.5,790500.0
2286,1918712.5,1774500.0
2287,707192.5,800000.0
2288,1784267.5,1380000.0
2289,1174582.7,1430000.0
2290,2376330.0,1950000.0
2291,1595207.5,1500000.0
2292,1612027.5,1730000.0
2293,2686748.88,2400000.0
2294,784765.0,862000.0
2295,579071.25,485000.0
2296,665497.0,546000.0
2297,1067210.0,850000.0
2298,1529412.2,2070000.0
2299,361260.0,381000.0
2300,1461661.5,1100000.0
2301,1333186.175,1300000.0
2302,1728140.0,1456000.0
2303,1625355.0,1310000.0
2304,767787.5,705000.0
2305,1116747.5,1226000.0
2306,1511281.44,1656000.0
2307,995345.0,1015000.0
2308,795345.0,1016000.0
2309,722024.5,571000.0
2310,624092.5,631000.0
2311,1967525.0,1690000.0
2312,986302.5,925000.0
2313,391120.0,295000.0
2314,1140214.25,1321000.0
2315,1245838.435,1157000.0
2316,770154.9999999999,850000.0
2317,2251255.0,2400000.0
2318,640070.0,563000.0
2319,1771537.5,1635000.0
2320,1083200.0,1015000.0
2321,1328917.9166666667,1125000.0
2322,724339.6,650000.0
2323,523346.66666666674,520000.0
2324,661188.0,780000.0
2325,483975.25,430000.0
2326,928727.5,1100000.0
2327,1447072.5,1630000.0
2328,435040.5,340000.0
2329,1404475.0,1280000.0
2330,1286317.5,1160000.0
2331,447213.25,480000.0
2332,831493.75,1100000.0
2333,831517.5,909000.0
2334,1858825.0,1450000.0
2335,1376405.0,1310000.0
2336,989697.5,1237000.0
2337,866202.5,620000.0
2338,715195.0,736000.0
2339,610557.5,680000.0
2340,601756.25,526000.0
2341,1725062.4999999998,1800000.0
2342,2914355.0,1600000.0
2343,552855.0,327000.0
2344,902602.3333333335,872500.0
2345,1167292.5,1290000.0
2346,1262245.0,1200000.0
2347,785380.0,770000.0
2348,627330.0,632500.0
2349,1142545.0,990000.0
2350,1932885.0,682000.0
2351,1211555.0,1500000.0
2352,677912.0,525500.0
2353,1709127.5,1740000.0
2354,619616.0,540000.0
2355,870127.5,845000.0
2356,868677.5,778000.0
2357,546182.5,380000.0
2358,422568.0,425000.0
2359,1906597.5,1725000.0
2360,670862.5,585000.0
2361,1112035.76,1188000.0
2362,568400.0,520000.0
2363,1071110.0,725000.0
2364,693816.0,599999.0
2365,749192.5,680000.0
2366,1646475.0,1710000.0
2367,1207520.05,1582000.0
2368,483232.5,390000.0
2369,689277.5,551000.0
2370,854637.5,751000.0
2371,1760850.0,1450000.0
2372,560258.75,546000.0
2373,932680.0,935000.0
2374,2265098.214285714,1400000.0
2375,851802.5,840000.0
2376,1242425.0,1960000.0
2377,629665.0,826000.0
2378,1066190.0,742000.0
2379,1000877.5,1500000.0
2380,1295805.0,1601000.0
2381,932170.0,891000.0
2382,446812.5,512000.0
2383,636411.25,635000.0
2384,1065070.0,522000.0
2385,1585405.0,1380000.0
2386,1742705.0,1800000.0
2387,2109775.0,1800000.0
2388,1360078.3333333335,1500000.0
2389,838525.0,602500.0
2390,548658.75,519500.0
2391,605273.0,670000.0
2392,2128665.0,2275000.0
2393,893892.5,850000.0
2394,924590.0,1234000.0
2395,671012.5,653000.0
2396,838489.75,801000.0
2397,644053.0,600000.0
2398,613490.0,500000.0
2399,837345.0,840000.0
2400,2400285.0,3900000.0
2401,1716671.0066666668,1840000.0
2402,514045.0,422000.0
2403,1413225.0,980000.0
2404,475787.5,677776.0
2405,504962.5,330000.0
2406,1749735.0,1264000.0
2407,598452.5,642500.0
2408,1201987.5,1520000.0
2409,901240.0,701000.0
2410,458788.325,390000.0
2411,1860000.0,2200000.0
2412,1107601.5,1150000.0
2413,1304837.5,1400000.0
2414,510172.5,582000.0
2415,1051115.0,1465000.0
2416,997225.0,958000.0
2417,915720.0,650000.0
2418,1672190.0,1780000.0
2419,526042.5,518500.0
2420,935679.5,1060000.0
2421,2425790.0,1686500.0
2422,671549.0,620000.0
2423,844921.6666666665,1054000.0
2424,1171830.0,1355000.0
2425,918197.5,1015000.0
2426,435055.5,475000.0
2427,1626722.0,1100000.0
2428,797145.0,665000.0
2429,663405.0,780000.0
2430,1633443.5,1700000.0
2431,702810.0,775000.0
2432,652429.125,380000.0
2433,817122.5,980000.0
2434,1090502.49,1060000.0
2435,1192373.5,1270000.0
2436,809712.5,600000.0
2437,1031501.5,813000.0
2438,383432.5,250000.0
2439,1470552.55,1620000.0
2440,1120060.0,1200000.0
2441,2224990.0,1830000.0
2442,558762.5,600000.0
2443,917382.5,875000.0
2444,1255281.75,1365000.0
2445,1773155.0,1518000.0
2446,2371709.5,1170000.0
2447,854347.5,1040000.0
2448,1525960.0,1210000.0
2449,1631322.5,1300000.0
2450,1376105.0,1290000.0
2451,874492.5,942000.0
2452,1563277.55,1800000.0
2453,1366647.5,1635000.0
2454,773022.5,878000.0
2455,1680512.0,1337000.0
2456,1055312.55,1700000.0
2457,902565.0,820000.0
2458,937965.0,975000.0
2459,2675507.5,2625000.0
2460,792592.5,575000.0
2461,1072185.0,926000.0
2462,1274015.0,1790000.0
2463,619182.65,620000.0
2464,1381737.5,1620000.0
2465,452905.0,515000.0
2466,1099880.0,1190000.0
2467,363025.0,375000.0
2468,524579.0,492000.0
2469,1736840.3571428573,1550000.0
2470,761655.5,555000.0
2471,2917468.68,3050000.0
2472,1348067.5,700000.0
2473,1744097.5,1850000.0
2474,1108657.5,1300000.0
2475,976342.5,916000.0
2476,696572.5,780000.0
2477,1242245.0,1240000.0
2478,1255400.0,3625000.0
2479,493550.5,530000.0
2480,429783.7133333334,395000.0
2481,1368937.5,1000000.0
2482,421328.1666666666,400000.0
2483,376177.5,421500.0
2484,2613805.0,2105000.0
2485,1090913.0,855000.0
2486,1057237.5,1150000.0
2487,1201328.5,1040000.0
2488,512037.5,632000.0
2489,1919040.0,2100000.0
2490,928367.5,880000.0
2491,3217116.666666666,3860000.0
2492,860630.0,830000.0
2493,1527382.5,1680000.0
2494,519825.5,640000.0
2495,1047147.5,990000.0
2496,1369025.0,1470000.0
2497,733105.0,665000.0
2498,817140.0,930000.0
2499,876565.0,884000.0
2500,815441.5,941000.0
2501,963306.25,1250000.0
2502,1830115.833333333,1630000.0
2503,1022705.0,1020000.0
2504,819072.5,687000.0
2505,475845.25,410000.0
2506,875655.0,960000.0
2507,1299801.38,1300000.0
2508,696782.5,710000.0
2509,1103247.5,1100000.0
2510,2147107.5,2200000.0
2511,1550485.0,880000.0
2512,439026.33333333343,350000.0
2513,648865.0,700000.0
2514,839257.5,1020000.0
2515,619462.5,643000.0
2516,732280.0,690000.0
2517,1346835.0,1310000.0
2518,344410.0,400000.0
2519,3611502.5,5510000.0
2520,972024.5833333335,900000.0
2521,2436926.0,2920000.0
2522,1367785.0,725000.0
2523,728203.0,735000.0
2524,1227160.1,780000.0
2525,590330.0,602000.0
2526,576885.0,475000.0
2527,1430785.0,1385000.0
2528,890442.5,820000.0
2529,752842.5,754000.0
2530,430057.5,260800.0
2531,1393640.0,1030000.0
2532,1347189.0,1485000.0
2533,1310943.5,1950000.0
2534,1944257.5,1975000.0
2535,453394.25,455500.0
2536,1742585.0,1785000.0
2537,1070122.5,1980000.0
2538,441799.25,390000.0
2539,2484882.5,2690000.0
2540,518242.7,455000.0
2541,488196.25,400000.0
2542,916000.0,1320000.0
2543,677520.0,635000.0
2544,1284430.0,1410000.0
2545,1006705.0,1200000.0
2546,914057.465,859000.0
2547,648175.0,570000.0
2548,1099045.0,1135000.0
2549,2209065.0,3400000.0
2550,658358.625,525000.0
2551,1612095.0,1605000.0
2552,744400.0,710000.0
2553,794540.0,696000.0
2554,407315.0,455000.0
2555,1799285.0,1320000.0
2556,1167855.0,1112000.0
2557,311424.4166666667,383000.0
2558,417512.5,330000.0
2559,365323.0,406000.0
2560,824575.0,1060000.0
2561,450249.0,338000.0
2562,725115.0,798000.0
2563,619191.5,645000.0
2564,719622.5,830000.0
2565,485852.5,550000.0
2566,950388.0,800000.0
2567,673680.0,525000.0
2568,3574955.0,2730000.0
2569,1237111.0,1230000.0
2570,756108.28,800000.0
2571,949812.5,955000.0
2572,814650.0,760000.0
2573,632770.5,730000.0
2574,2399190.0,2110000.0
2575,1244472.5,1316000.0
2576,1806790.0,2355000.0
2577,644035.0,590000.0
2578,1137472.0,1150000.0
2579,1010217.5,1020000.0
2580,588920.75,500000.0
2581,517258.0,510000.0
2582,615347.5,692000.0
2583,860112.5,1085000.0
2584,259691.66666666663,220000.0
2585,551457.5,575000.0
2586,1134225.0,1211000.0
2587,3004300.0,2835000.0
2588,1048760.0,880000.0
2589,596100.15,460000.0
2590,1362170.0,1930000.0
2591,968950.0,1175000.0
2592,721442.5,605000.0
2593,1960938.333333333,2370000.0
2594,1147065.97,1200000.0
2595,1855910.0,1950000.0
2596,555673.325,750000.0
2597,622129.5,590000.0
2598,1018462.5,1265000.0
2599,1656345.0,3900000.0
2600,366637.5,425000.0
2601,997274.5,837000.0
2602,586693.5,581000.0
2603,665910.0,925000.0
2604,1358180.38,1180000.0
2605,1633832.5,2305000.0
2606,1855716.6666666665,2025000.0
2607,1455762.5,1525000.0
2608,1235767.5,1100000.0
2609,915181.6666666665,830000.0
2610,1075285.0,1060000.0
2611,358245.0,350000.0
2612,301568.1666666667,250000.0
2613,1128672.5,982000.0
2614,558667.5,740000.0
2615,984207.5,1462000.0
2616,2155155.0,1750000.0
2617,778166.0,760000.0
2618,639317.5,465000.0
2619,621585.0,856500.0
2620,614235.75,615888.0
2621,2057733.5,1200000.0
2622,1494062.5,1384000.0
2623,794394.0,635000.0
2624,1073188.75,680000.0
2625,814991.25,830000.0
2626,1556800.5,1755000.0
2627,604760.5,460000.0
2628,1153027.5,950000.0
2629,1191817.5,800000.0
2630,1365600.0,1920000.0
2631,737552.5,496000.0
2632,710507.0,750000.0
2633,919135.0,780000.0
2634,1363825.0,2225000.0
2635,650212.5,755000.0
2636,730112.5,580000.0
2637,962216.5,915000.0
2638,686832.0,558000.0
2639,2447355.0,1800000.0
2640,837281.0,952000.0
2641,885645.0,633500.0
2642,741510.0,721000.0
2643,1280697.5,1050000.0
2644,673058.3333333335,515000.0
2645,922390.0,1321000.0
2646,524955.5,512000.0
2647,775156.25,790000.0
2648,1665036.0,2100000.0
2649,654262.5,676000.0
2650,1193432.5,1325000.0
2651,813532.5,750000.0
2652,567323.36,572000.0
2653,1916482.5,2345000.0
2654,909865.0,810000.0
2655,1306350.32,1220500.0
2656,688897.5,692000.0
2657,1264312.5,940000.0
2658,777592.5,595999.0
2659,661990.0,685000.0
2660,2868585.0,3650000.0
2661,685490.0,795000.0
2662,872070.0,690000.0
2663,505669.175,490000.0
2664,1477988.16,1620000.0
2665,1299130.0,1482000.0
2666,816275.0,850000.0
2667,1104515.36,950000.0
2668,1523280.88,1400000.0
2669,996520.0,1060000.0
2670,1530257.5,1590000.0
2671,921955.0,960000.0
2672,844887.5,752000.0
2673,718255.0,700000.0
2674,507093.25,500000.0
2675,1791686.5933333337,2255000.0
2676,1942567.5,1680000.0
2677,764877.5,990000.0
2678,920197.5,1410000.0
2679,743193.75,580000.0
2680,533745.0,400000.0
2681,1562790.0,1297000.0
2682,818087.5,860000.0
2683,952056.94,990000.0
2684,1482492.5,1436000.0
2685,1105867.5,1096000.0
2686,1163362.5,1200000.0
2687,704467.5,756000.0
2688,983230.0,660000.0
2689,657213.22,730000.0
2690,976680.0,590000.0
2691,2433955.0,2520000.0
2692,666795.0,615000.0
2693,1680765.0,1268000.0
2694,933955.0,950000.0
2695,516240.0,542000.0
2696,1203567.5,1190000.0
2697,866745.085,805000.0
2698,1501550.0,1625000.0
2699,1290400.5,1111000.0
2700,500242.5,555000.0
2701,2050559.5,2200000.0
2702,637882.5,358500.0
2703,1206039.0,1095000.0
2704,541065.8333333334,485000.0
2705,1074720.0,706000.0
2706,1756852.5,1450000.0
2707,460154.5,555000.0
2708,1320112.5,1445000.0
2709,709745.0,740000.0
2710,678502.5,645000.0
2711,395898.0,305000.0
2712,1374955.0,1412000.0
2713,1298450.0,1230000.0
2714,1294540.0,1270000.0
2715,1148542.5,1000000.0
